time,month,time,index,SE,SElo,SEup,metric,timeseries,lat,lon,depth,order,year
1967,01,1967-01,3.249632916108849,NA,NA,NA,Area (10^6 km^2),Monthly North Pacific High Area,NA,NA,NA,1,-01-15
1967,02,1967-02,5.715432338207223,NA,NA,NA,Area (10^6 km^2),Monthly North Pacific High Area,NA,NA,NA,1,-02-15
1967,03,1967-03,4.073056672727745,NA,NA,NA,Area (10^6 km^2),Monthly North Pacific High Area,NA,NA,NA,1,-03-15
1967,04,1967-04,5.52639423525702,NA,NA,NA,Area (10^6 km^2),Monthly North Pacific High Area,NA,NA,NA,1,-04-15
1967,05,1967-05,6.104722046140178,NA,NA,NA,Area (10^6 km^2),Monthly North Pacific High Area,NA,NA,NA,1,-05-15
1967,06,1967-06,3.5204603067212097,NA,NA,NA,Area (10^6 km^2),Monthly North Pacific High Area,NA,NA,NA,1,-06-15
1967,07,1967-07,5.331414686065199,NA,NA,NA,Area (10^6 km^2),Monthly North Pacific High Area,NA,NA,NA,1,-07-15
1967,08,1967-08,3.7920363829528503,NA,NA,NA,Area (10^6 km^2),Monthly North Pacific High Area,NA,NA,NA,1,-08-15
1967,09,1967-09,0.29268230529774064,NA,NA,NA,Area (10^6 km^2),Monthly North Pacific High Area,NA,NA,NA,1,-09-15
1967,10,1967-10,1.607840852782756,NA,NA,NA,Area (10^6 km^2),Monthly North Pacific High Area,NA,NA,NA,1,-10-15
1967,11,1967-11,3.978032838487653,NA,NA,NA,Area (10^6 km^2),Monthly North Pacific High Area,NA,NA,NA,1,-11-15
1967,12,1967-12,3.2032378013699687,NA,NA,NA,Area (10^6 km^2),Monthly North Pacific High Area,NA,NA,NA,1,-12-15
1968,01,1968-01,0.9165085607996792,NA,NA,NA,Area (10^6 km^2),Monthly North Pacific High Area,NA,NA,NA,1,-01-15
1968,02,1968-02,0,NA,NA,NA,Area (10^6 km^2),Monthly North Pacific High Area,NA,NA,NA,1,-02-15
1968,03,1968-03,3.761015193158299,NA,NA,NA,Area (10^6 km^2),Monthly North Pacific High Area,NA,NA,NA,1,-03-15
1968,04,1968-04,6.30458814731859,NA,NA,NA,Area (10^6 km^2),Monthly North Pacific High Area,NA,NA,NA,1,-04-15
1968,05,1968-05,1.92141232299599,NA,NA,NA,Area (10^6 km^2),Monthly North Pacific High Area,NA,NA,NA,1,-05-15
1968,06,1968-06,5.788874504504018,NA,NA,NA,Area (10^6 km^2),Monthly North Pacific High Area,NA,NA,NA,1,-06-15
1968,07,1968-07,5.139879584992703,NA,NA,NA,Area (10^6 km^2),Monthly North Pacific High Area,NA,NA,NA,1,-07-15
1968,08,1968-08,4.628841628889849,NA,NA,NA,Area (10^6 km^2),Monthly North Pacific High Area,NA,NA,NA,1,-08-15
1968,09,1968-09,2.1732012761526636,NA,NA,NA,Area (10^6 km^2),Monthly North Pacific High Area,NA,NA,NA,1,-09-15
1968,10,1968-10,0.43914688729940904,NA,NA,NA,Area (10^6 km^2),Monthly North Pacific High Area,NA,NA,NA,1,-10-15
1968,11,1968-11,2.334578766915493,NA,NA,NA,Area (10^6 km^2),Monthly North Pacific High Area,NA,NA,NA,1,-11-15
1968,12,1968-12,0.5721009040588302,NA,NA,NA,Area (10^6 km^2),Monthly North Pacific High Area,NA,NA,NA,1,-12-15
1969,01,1969-01,0.0107489179026616,NA,NA,NA,Area (10^6 km^2),Monthly North Pacific High Area,NA,NA,NA,1,-01-15
1969,02,1969-02,2.4869462257589765,NA,NA,NA,Area (10^6 km^2),Monthly North Pacific High Area,NA,NA,NA,1,-02-15
1969,03,1969-03,5.293593539415548,NA,NA,NA,Area (10^6 km^2),Monthly North Pacific High Area,NA,NA,NA,1,-03-15
1969,04,1969-04,5.52742815299005,NA,NA,NA,Area (10^6 km^2),Monthly North Pacific High Area,NA,NA,NA,1,-04-15
1969,05,1969-05,2.700375031253388,NA,NA,NA,Area (10^6 km^2),Monthly North Pacific High Area,NA,NA,NA,1,-05-15
1969,06,1969-06,2.6218873696909517,NA,NA,NA,Area (10^6 km^2),Monthly North Pacific High Area,NA,NA,NA,1,-06-15
1969,07,1969-07,5.866939633974203,NA,NA,NA,Area (10^6 km^2),Monthly North Pacific High Area,NA,NA,NA,1,-07-15
1969,08,1969-08,4.729406958567903,NA,NA,NA,Area (10^6 km^2),Monthly North Pacific High Area,NA,NA,NA,1,-08-15
1969,09,1969-09,2.538857140329989,NA,NA,NA,Area (10^6 km^2),Monthly North Pacific High Area,NA,NA,NA,1,-09-15
1969,10,1969-10,0.06320037928881143,NA,NA,NA,Area (10^6 km^2),Monthly North Pacific High Area,NA,NA,NA,1,-10-15
1969,11,1969-11,1.3958265258152178,NA,NA,NA,Area (10^6 km^2),Monthly North Pacific High Area,NA,NA,NA,1,-11-15
1969,12,1969-12,0.7730200150501121,NA,NA,NA,Area (10^6 km^2),Monthly North Pacific High Area,NA,NA,NA,1,-12-15
1970,01,1970-01,0.16299982488704867,NA,NA,NA,Area (10^6 km^2),Monthly North Pacific High Area,NA,NA,NA,1,-01-15
1970,02,1970-02,0,NA,NA,NA,Area (10^6 km^2),Monthly North Pacific High Area,NA,NA,NA,1,-02-15
1970,03,1970-03,5.488205540928326,NA,NA,NA,Area (10^6 km^2),Monthly North Pacific High Area,NA,NA,NA,1,-03-15
1970,04,1970-04,7.113914205964896,NA,NA,NA,Area (10^6 km^2),Monthly North Pacific High Area,NA,NA,NA,1,-04-15
1970,05,1970-05,6.503508757817996,NA,NA,NA,Area (10^6 km^2),Monthly North Pacific High Area,NA,NA,NA,1,-05-15
1970,06,1970-06,5.835358670940661,NA,NA,NA,Area (10^6 km^2),Monthly North Pacific High Area,NA,NA,NA,1,-06-15
1970,07,1970-07,5.597033954804286,NA,NA,NA,Area (10^6 km^2),Monthly North Pacific High Area,NA,NA,NA,1,-07-15
1970,08,1970-08,4.8046035793197746,NA,NA,NA,Area (10^6 km^2),Monthly North Pacific High Area,NA,NA,NA,1,-08-15
1970,09,1970-09,2.527458807457717,NA,NA,NA,Area (10^6 km^2),Monthly North Pacific High Area,NA,NA,NA,1,-09-15
1970,10,1970-10,0.7803725728879933,NA,NA,NA,Area (10^6 km^2),Monthly North Pacific High Area,NA,NA,NA,1,-10-15
1970,11,1970-11,3.4230232802080467,NA,NA,NA,Area (10^6 km^2),Monthly North Pacific High Area,NA,NA,NA,1,-11-15
1970,12,1970-12,5.537382603807937,NA,NA,NA,Area (10^6 km^2),Monthly North Pacific High Area,NA,NA,NA,1,-12-15
1971,01,1971-01,3.637510394363595,NA,NA,NA,Area (10^6 km^2),Monthly North Pacific High Area,NA,NA,NA,1,-01-15
1971,02,1971-02,4.9386168985444705,NA,NA,NA,Area (10^6 km^2),Monthly North Pacific High Area,NA,NA,NA,1,-02-15
1971,03,1971-03,5.023161869502633,NA,NA,NA,Area (10^6 km^2),Monthly North Pacific High Area,NA,NA,NA,1,-03-15
1971,04,1971-04,6.417044828206727,NA,NA,NA,Area (10^6 km^2),Monthly North Pacific High Area,NA,NA,NA,1,-04-15
1971,05,1971-05,6.8155275701361795,NA,NA,NA,Area (10^6 km^2),Monthly North Pacific High Area,NA,NA,NA,1,-05-15
1971,06,1971-06,5.7522673119065395,NA,NA,NA,Area (10^6 km^2),Monthly North Pacific High Area,NA,NA,NA,1,-06-15
1971,07,1971-07,5.251869276239088,NA,NA,NA,Area (10^6 km^2),Monthly North Pacific High Area,NA,NA,NA,1,-07-15
1971,08,1971-08,2.8930712335373507,NA,NA,NA,Area (10^6 km^2),Monthly North Pacific High Area,NA,NA,NA,1,-08-15
1971,09,1971-09,3.6900602959551607,NA,NA,NA,Area (10^6 km^2),Monthly North Pacific High Area,NA,NA,NA,1,-09-15
1971,10,1971-10,4.975633145311326,NA,NA,NA,Area (10^6 km^2),Monthly North Pacific High Area,NA,NA,NA,1,-10-15
1971,11,1971-11,5.608932164650787,NA,NA,NA,Area (10^6 km^2),Monthly North Pacific High Area,NA,NA,NA,1,-11-15
1971,12,1971-12,6.13101830489681,NA,NA,NA,Area (10^6 km^2),Monthly North Pacific High Area,NA,NA,NA,1,-12-15
1972,01,1972-01,3.9033894041200297,NA,NA,NA,Area (10^6 km^2),Monthly North Pacific High Area,NA,NA,NA,1,-01-15
1972,02,1972-02,0.6288626056434015,NA,NA,NA,Area (10^6 km^2),Monthly North Pacific High Area,NA,NA,NA,1,-02-15
1972,03,1972-03,1.654758658987978,NA,NA,NA,Area (10^6 km^2),Monthly North Pacific High Area,NA,NA,NA,1,-03-15
1972,04,1972-04,6.766289920921371,NA,NA,NA,Area (10^6 km^2),Monthly North Pacific High Area,NA,NA,NA,1,-04-15
1972,05,1972-05,5.085162360475084,NA,NA,NA,Area (10^6 km^2),Monthly North Pacific High Area,NA,NA,NA,1,-05-15
1972,06,1972-06,4.631236766097276,NA,NA,NA,Area (10^6 km^2),Monthly North Pacific High Area,NA,NA,NA,1,-06-15
1972,07,1972-07,4.521870763547115,NA,NA,NA,Area (10^6 km^2),Monthly North Pacific High Area,NA,NA,NA,1,-07-15
1972,08,1972-08,3.339061397753486,NA,NA,NA,Area (10^6 km^2),Monthly North Pacific High Area,NA,NA,NA,1,-08-15
1972,09,1972-09,2.546678466859991,NA,NA,NA,Area (10^6 km^2),Monthly North Pacific High Area,NA,NA,NA,1,-09-15
1972,10,1972-10,2.677100942207105,NA,NA,NA,Area (10^6 km^2),Monthly North Pacific High Area,NA,NA,NA,1,-10-15
1972,11,1972-11,4.117454492651088,NA,NA,NA,Area (10^6 km^2),Monthly North Pacific High Area,NA,NA,NA,1,-11-15
1972,12,1972-12,0.9387772179385028,NA,NA,NA,Area (10^6 km^2),Monthly North Pacific High Area,NA,NA,NA,1,-12-15
1973,01,1973-01,1.5660218490371078,NA,NA,NA,Area (10^6 km^2),Monthly North Pacific High Area,NA,NA,NA,1,-01-15
1973,02,1973-02,1.271321013126875,NA,NA,NA,Area (10^6 km^2),Monthly North Pacific High Area,NA,NA,NA,1,-02-15
1973,03,1973-03,7.4970848591956045,NA,NA,NA,Area (10^6 km^2),Monthly North Pacific High Area,NA,NA,NA,1,-03-15
1973,04,1973-04,7.135487553967649,NA,NA,NA,Area (10^6 km^2),Monthly North Pacific High Area,NA,NA,NA,1,-04-15
1973,05,1973-05,6.227119126226294,NA,NA,NA,Area (10^6 km^2),Monthly North Pacific High Area,NA,NA,NA,1,-05-15
1973,06,1973-06,5.809516225725179,NA,NA,NA,Area (10^6 km^2),Monthly North Pacific High Area,NA,NA,NA,1,-06-15
1973,07,1973-07,5.144477502229302,NA,NA,NA,Area (10^6 km^2),Monthly North Pacific High Area,NA,NA,NA,1,-07-15
1973,08,1973-08,5.332212618458266,NA,NA,NA,Area (10^6 km^2),Monthly North Pacific High Area,NA,NA,NA,1,-08-15
1973,09,1973-09,3.0245260763572177,NA,NA,NA,Area (10^6 km^2),Monthly North Pacific High Area,NA,NA,NA,1,-09-15
1973,10,1973-10,4.118089057855044,NA,NA,NA,Area (10^6 km^2),Monthly North Pacific High Area,NA,NA,NA,1,-10-15
1973,11,1973-11,4.5945331666776665,NA,NA,NA,Area (10^6 km^2),Monthly North Pacific High Area,NA,NA,NA,1,-11-15
1973,12,1973-12,2.33567189773406,NA,NA,NA,Area (10^6 km^2),Monthly North Pacific High Area,NA,NA,NA,1,-12-15
1974,01,1974-01,0.2852111299715764,NA,NA,NA,Area (10^6 km^2),Monthly North Pacific High Area,NA,NA,NA,1,-01-15
1974,02,1974-02,5.867806618257063,NA,NA,NA,Area (10^6 km^2),Monthly North Pacific High Area,NA,NA,NA,1,-02-15
1974,03,1974-03,0.8827128213966265,NA,NA,NA,Area (10^6 km^2),Monthly North Pacific High Area,NA,NA,NA,1,-03-15
1974,04,1974-04,6.8110423356271665,NA,NA,NA,Area (10^6 km^2),Monthly North Pacific High Area,NA,NA,NA,1,-04-15
1974,05,1974-05,6.511324699482373,NA,NA,NA,Area (10^6 km^2),Monthly North Pacific High Area,NA,NA,NA,1,-05-15
1974,06,1974-06,5.5253958329702835,NA,NA,NA,Area (10^6 km^2),Monthly North Pacific High Area,NA,NA,NA,1,-06-15
1974,07,1974-07,5.569205356075784,NA,NA,NA,Area (10^6 km^2),Monthly North Pacific High Area,NA,NA,NA,1,-07-15
1974,08,1974-08,3.120653754549514,NA,NA,NA,Area (10^6 km^2),Monthly North Pacific High Area,NA,NA,NA,1,-08-15
1974,09,1974-09,0.5034787679866863,NA,NA,NA,Area (10^6 km^2),Monthly North Pacific High Area,NA,NA,NA,1,-09-15
1974,10,1974-10,3.962451602122724,NA,NA,NA,Area (10^6 km^2),Monthly North Pacific High Area,NA,NA,NA,1,-10-15
1974,11,1974-11,3.025828956177534,NA,NA,NA,Area (10^6 km^2),Monthly North Pacific High Area,NA,NA,NA,1,-11-15
1974,12,1974-12,5.605673748715554,NA,NA,NA,Area (10^6 km^2),Monthly North Pacific High Area,NA,NA,NA,1,-12-15
1975,01,1975-01,5.325673390964575,NA,NA,NA,Area (10^6 km^2),Monthly North Pacific High Area,NA,NA,NA,1,-01-15
1975,02,1975-02,1.6130710691713088,NA,NA,NA,Area (10^6 km^2),Monthly North Pacific High Area,NA,NA,NA,1,-02-15
1975,03,1975-03,6.482674902720868,NA,NA,NA,Area (10^6 km^2),Monthly North Pacific High Area,NA,NA,NA,1,-03-15
1975,04,1975-04,7.810526404463112,NA,NA,NA,Area (10^6 km^2),Monthly North Pacific High Area,NA,NA,NA,1,-04-15
1975,05,1975-05,5.85195279419439,NA,NA,NA,Area (10^6 km^2),Monthly North Pacific High Area,NA,NA,NA,1,-05-15
1975,06,1975-06,6.080399619977707,NA,NA,NA,Area (10^6 km^2),Monthly North Pacific High Area,NA,NA,NA,1,-06-15
1975,07,1975-07,5.578308414951364,NA,NA,NA,Area (10^6 km^2),Monthly North Pacific High Area,NA,NA,NA,1,-07-15
1975,08,1975-08,5.6378003713314015,NA,NA,NA,Area (10^6 km^2),Monthly North Pacific High Area,NA,NA,NA,1,-08-15
1975,09,1975-09,3.866058400100577,NA,NA,NA,Area (10^6 km^2),Monthly North Pacific High Area,NA,NA,NA,1,-09-15
1975,10,1975-10,4.862609206926897,NA,NA,NA,Area (10^6 km^2),Monthly North Pacific High Area,NA,NA,NA,1,-10-15
1975,11,1975-11,4.045295718435949,NA,NA,NA,Area (10^6 km^2),Monthly North Pacific High Area,NA,NA,NA,1,-11-15
1975,12,1975-12,3.565548877924872,NA,NA,NA,Area (10^6 km^2),Monthly North Pacific High Area,NA,NA,NA,1,-12-15
1976,01,1976-01,3.293805718630624,NA,NA,NA,Area (10^6 km^2),Monthly North Pacific High Area,NA,NA,NA,1,-01-15
1976,02,1976-02,5.099692885543399,NA,NA,NA,Area (10^6 km^2),Monthly North Pacific High Area,NA,NA,NA,1,-02-15
1976,03,1976-03,4.968124533173143,NA,NA,NA,Area (10^6 km^2),Monthly North Pacific High Area,NA,NA,NA,1,-03-15
1976,04,1976-04,6.0230450053032065,NA,NA,NA,Area (10^6 km^2),Monthly North Pacific High Area,NA,NA,NA,1,-04-15
1976,05,1976-05,6.642413561263921,NA,NA,NA,Area (10^6 km^2),Monthly North Pacific High Area,NA,NA,NA,1,-05-15
1976,06,1976-06,5.050322062998949,NA,NA,NA,Area (10^6 km^2),Monthly North Pacific High Area,NA,NA,NA,1,-06-15
1976,07,1976-07,4.65890826775029,NA,NA,NA,Area (10^6 km^2),Monthly North Pacific High Area,NA,NA,NA,1,-07-15
1976,08,1976-08,4.793516075206398,NA,NA,NA,Area (10^6 km^2),Monthly North Pacific High Area,NA,NA,NA,1,-08-15
1976,09,1976-09,0.1121851655122514,NA,NA,NA,Area (10^6 km^2),Monthly North Pacific High Area,NA,NA,NA,1,-09-15
1976,10,1976-10,0.6673562979822875,NA,NA,NA,Area (10^6 km^2),Monthly North Pacific High Area,NA,NA,NA,1,-10-15
1976,11,1976-11,0.5067670762193042,NA,NA,NA,Area (10^6 km^2),Monthly North Pacific High Area,NA,NA,NA,1,-11-15
1976,12,1976-12,2.0046560357311987,NA,NA,NA,Area (10^6 km^2),Monthly North Pacific High Area,NA,NA,NA,1,-12-15
1977,01,1977-01,1.0153699185287228,NA,NA,NA,Area (10^6 km^2),Monthly North Pacific High Area,NA,NA,NA,1,-01-15
1977,02,1977-02,3.718700546380869,NA,NA,NA,Area (10^6 km^2),Monthly North Pacific High Area,NA,NA,NA,1,-02-15
1977,03,1977-03,7.401380743399316,NA,NA,NA,Area (10^6 km^2),Monthly North Pacific High Area,NA,NA,NA,1,-03-15
1977,04,1977-04,6.741465169635312,NA,NA,NA,Area (10^6 km^2),Monthly North Pacific High Area,NA,NA,NA,1,-04-15
1977,05,1977-05,6.382063687727186,NA,NA,NA,Area (10^6 km^2),Monthly North Pacific High Area,NA,NA,NA,1,-05-15
1977,06,1977-06,4.914467149454321,NA,NA,NA,Area (10^6 km^2),Monthly North Pacific High Area,NA,NA,NA,1,-06-15
1977,07,1977-07,5.593370268988851,NA,NA,NA,Area (10^6 km^2),Monthly North Pacific High Area,NA,NA,NA,1,-07-15
1977,08,1977-08,2.375287012253114,NA,NA,NA,Area (10^6 km^2),Monthly North Pacific High Area,NA,NA,NA,1,-08-15
1977,09,1977-09,2.468112071103124,NA,NA,NA,Area (10^6 km^2),Monthly North Pacific High Area,NA,NA,NA,1,-09-15
1977,10,1977-10,2.680540822827764,NA,NA,NA,Area (10^6 km^2),Monthly North Pacific High Area,NA,NA,NA,1,-10-15
1977,11,1977-11,2.6074012389476837,NA,NA,NA,Area (10^6 km^2),Monthly North Pacific High Area,NA,NA,NA,1,-11-15
1977,12,1977-12,0.03245141274792727,NA,NA,NA,Area (10^6 km^2),Monthly North Pacific High Area,NA,NA,NA,1,-12-15
1978,01,1978-01,0,NA,NA,NA,Area (10^6 km^2),Monthly North Pacific High Area,NA,NA,NA,1,-01-15
1978,02,1978-02,0.06598212716033357,NA,NA,NA,Area (10^6 km^2),Monthly North Pacific High Area,NA,NA,NA,1,-02-15
1978,03,1978-03,1.030522496146367,NA,NA,NA,Area (10^6 km^2),Monthly North Pacific High Area,NA,NA,NA,1,-03-15
1978,04,1978-04,5.3258126258986875,NA,NA,NA,Area (10^6 km^2),Monthly North Pacific High Area,NA,NA,NA,1,-04-15
1978,05,1978-05,6.140147123487304,NA,NA,NA,Area (10^6 km^2),Monthly North Pacific High Area,NA,NA,NA,1,-05-15
1978,06,1978-06,6.041228092645544,NA,NA,NA,Area (10^6 km^2),Monthly North Pacific High Area,NA,NA,NA,1,-06-15
1978,07,1978-07,4.921377764607893,NA,NA,NA,Area (10^6 km^2),Monthly North Pacific High Area,NA,NA,NA,1,-07-15
1978,08,1978-08,4.709784077162765,NA,NA,NA,Area (10^6 km^2),Monthly North Pacific High Area,NA,NA,NA,1,-08-15
1978,09,1978-09,2.788090331860492,NA,NA,NA,Area (10^6 km^2),Monthly North Pacific High Area,NA,NA,NA,1,-09-15
1978,10,1978-10,2.25393124354627,NA,NA,NA,Area (10^6 km^2),Monthly North Pacific High Area,NA,NA,NA,1,-10-15
1978,11,1978-11,3.741646018852097,NA,NA,NA,Area (10^6 km^2),Monthly North Pacific High Area,NA,NA,NA,1,-11-15
1978,12,1978-12,5.688003319567357,NA,NA,NA,Area (10^6 km^2),Monthly North Pacific High Area,NA,NA,NA,1,-12-15
1979,01,1979-01,0.6122341673531021,NA,NA,NA,Area (10^6 km^2),Monthly North Pacific High Area,NA,NA,NA,1,-01-15
1979,02,1979-02,4.5632006766427615,NA,NA,NA,Area (10^6 km^2),Monthly North Pacific High Area,NA,NA,NA,1,-02-15
1979,03,1979-03,3.084593177309209,NA,NA,NA,Area (10^6 km^2),Monthly North Pacific High Area,NA,NA,NA,1,-03-15
1979,04,1979-04,5.18076347129296,NA,NA,NA,Area (10^6 km^2),Monthly North Pacific High Area,NA,NA,NA,1,-04-15
1979,05,1979-05,4.902346664394543,NA,NA,NA,Area (10^6 km^2),Monthly North Pacific High Area,NA,NA,NA,1,-05-15
1979,06,1979-06,6.3691508908554715,NA,NA,NA,Area (10^6 km^2),Monthly North Pacific High Area,NA,NA,NA,1,-06-15
1979,07,1979-07,5.140006458374321,NA,NA,NA,Area (10^6 km^2),Monthly North Pacific High Area,NA,NA,NA,1,-07-15
1979,08,1979-08,0.528710852585276,NA,NA,NA,Area (10^6 km^2),Monthly North Pacific High Area,NA,NA,NA,1,-08-15
1979,09,1979-09,0.5018994379794687,NA,NA,NA,Area (10^6 km^2),Monthly North Pacific High Area,NA,NA,NA,1,-09-15
1979,10,1979-10,0.02095687351056342,NA,NA,NA,Area (10^6 km^2),Monthly North Pacific High Area,NA,NA,NA,1,-10-15
1979,11,1979-11,3.808426286069047,NA,NA,NA,Area (10^6 km^2),Monthly North Pacific High Area,NA,NA,NA,1,-11-15
1979,12,1979-12,0.1277929439759035,NA,NA,NA,Area (10^6 km^2),Monthly North Pacific High Area,NA,NA,NA,1,-12-15
1980,01,1980-01,0,NA,NA,NA,Area (10^6 km^2),Monthly North Pacific High Area,NA,NA,NA,1,-01-15
1980,02,1980-02,0.01139512405308542,NA,NA,NA,Area (10^6 km^2),Monthly North Pacific High Area,NA,NA,NA,1,-02-15
1980,03,1980-03,6.610722909098228,NA,NA,NA,Area (10^6 km^2),Monthly North Pacific High Area,NA,NA,NA,1,-03-15
1980,04,1980-04,4.745637540443637,NA,NA,NA,Area (10^6 km^2),Monthly North Pacific High Area,NA,NA,NA,1,-04-15
1980,05,1980-05,6.288220547513559,NA,NA,NA,Area (10^6 km^2),Monthly North Pacific High Area,NA,NA,NA,1,-05-15
1980,06,1980-06,6.423800071150173,NA,NA,NA,Area (10^6 km^2),Monthly North Pacific High Area,NA,NA,NA,1,-06-15
1980,07,1980-07,5.126773381906314,NA,NA,NA,Area (10^6 km^2),Monthly North Pacific High Area,NA,NA,NA,1,-07-15
1980,08,1980-08,4.3545234314982535,NA,NA,NA,Area (10^6 km^2),Monthly North Pacific High Area,NA,NA,NA,1,-08-15
1980,09,1980-09,2.9910490491513206,NA,NA,NA,Area (10^6 km^2),Monthly North Pacific High Area,NA,NA,NA,1,-09-15
1980,10,1980-10,1.862654973440834,NA,NA,NA,Area (10^6 km^2),Monthly North Pacific High Area,NA,NA,NA,1,-10-15
1980,11,1980-11,3.071602791330933,NA,NA,NA,Area (10^6 km^2),Monthly North Pacific High Area,NA,NA,NA,1,-11-15
1980,12,1980-12,0.7699291997953195,NA,NA,NA,Area (10^6 km^2),Monthly North Pacific High Area,NA,NA,NA,1,-12-15
1981,01,1981-01,0.02199626578217066,NA,NA,NA,Area (10^6 km^2),Monthly North Pacific High Area,NA,NA,NA,1,-01-15
1981,02,1981-02,0.8049969444461662,NA,NA,NA,Area (10^6 km^2),Monthly North Pacific High Area,NA,NA,NA,1,-02-15
1981,03,1981-03,4.369405557076741,NA,NA,NA,Area (10^6 km^2),Monthly North Pacific High Area,NA,NA,NA,1,-03-15
1981,04,1981-04,6.238287276742939,NA,NA,NA,Area (10^6 km^2),Monthly North Pacific High Area,NA,NA,NA,1,-04-15
1981,05,1981-05,4.423201064320121,NA,NA,NA,Area (10^6 km^2),Monthly North Pacific High Area,NA,NA,NA,1,-05-15
1981,06,1981-06,4.990190278343179,NA,NA,NA,Area (10^6 km^2),Monthly North Pacific High Area,NA,NA,NA,1,-06-15
1981,07,1981-07,4.8785223852281305,NA,NA,NA,Area (10^6 km^2),Monthly North Pacific High Area,NA,NA,NA,1,-07-15
1981,08,1981-08,4.028640415532455,NA,NA,NA,Area (10^6 km^2),Monthly North Pacific High Area,NA,NA,NA,1,-08-15
1981,09,1981-09,1.5954019041294778,NA,NA,NA,Area (10^6 km^2),Monthly North Pacific High Area,NA,NA,NA,1,-09-15
1981,10,1981-10,2.398668437375675,NA,NA,NA,Area (10^6 km^2),Monthly North Pacific High Area,NA,NA,NA,1,-10-15
1981,11,1981-11,1.041606406075635,NA,NA,NA,Area (10^6 km^2),Monthly North Pacific High Area,NA,NA,NA,1,-11-15
1981,12,1981-12,1.624636905956114,NA,NA,NA,Area (10^6 km^2),Monthly North Pacific High Area,NA,NA,NA,1,-12-15
1982,01,1982-01,3.5365566183460775,NA,NA,NA,Area (10^6 km^2),Monthly North Pacific High Area,NA,NA,NA,1,-01-15
1982,02,1982-02,0.968984883008143,NA,NA,NA,Area (10^6 km^2),Monthly North Pacific High Area,NA,NA,NA,1,-02-15
1982,03,1982-03,2.522503764253307,NA,NA,NA,Area (10^6 km^2),Monthly North Pacific High Area,NA,NA,NA,1,-03-15
1982,04,1982-04,4.182807516919983,NA,NA,NA,Area (10^6 km^2),Monthly North Pacific High Area,NA,NA,NA,1,-04-15
1982,05,1982-05,5.566134850242501,NA,NA,NA,Area (10^6 km^2),Monthly North Pacific High Area,NA,NA,NA,1,-05-15
1982,06,1982-06,1.596758601687808,NA,NA,NA,Area (10^6 km^2),Monthly North Pacific High Area,NA,NA,NA,1,-06-15
1982,07,1982-07,4.662029371204072,NA,NA,NA,Area (10^6 km^2),Monthly North Pacific High Area,NA,NA,NA,1,-07-15
1982,08,1982-08,5.07707493010439,NA,NA,NA,Area (10^6 km^2),Monthly North Pacific High Area,NA,NA,NA,1,-08-15
1982,09,1982-09,3.503825161161716,NA,NA,NA,Area (10^6 km^2),Monthly North Pacific High Area,NA,NA,NA,1,-09-15
1982,10,1982-10,0.3276577272961212,NA,NA,NA,Area (10^6 km^2),Monthly North Pacific High Area,NA,NA,NA,1,-10-15
1982,11,1982-11,0.08588246920362681,NA,NA,NA,Area (10^6 km^2),Monthly North Pacific High Area,NA,NA,NA,1,-11-15
1982,12,1982-12,0.8931483541078442,NA,NA,NA,Area (10^6 km^2),Monthly North Pacific High Area,NA,NA,NA,1,-12-15
1983,01,1983-01,0.02199626578217066,NA,NA,NA,Area (10^6 km^2),Monthly North Pacific High Area,NA,NA,NA,1,-01-15
1983,02,1983-02,0.01122733926566692,NA,NA,NA,Area (10^6 km^2),Monthly North Pacific High Area,NA,NA,NA,1,-02-15
1983,03,1983-03,0.02262587650358185,NA,NA,NA,Area (10^6 km^2),Monthly North Pacific High Area,NA,NA,NA,1,-03-15
1983,04,1983-04,4.2998937800604935,NA,NA,NA,Area (10^6 km^2),Monthly North Pacific High Area,NA,NA,NA,1,-04-15
1983,05,1983-05,6.088136624194381,NA,NA,NA,Area (10^6 km^2),Monthly North Pacific High Area,NA,NA,NA,1,-05-15
1983,06,1983-06,5.532037436407602,NA,NA,NA,Area (10^6 km^2),Monthly North Pacific High Area,NA,NA,NA,1,-06-15
1983,07,1983-07,5.488492671699179,NA,NA,NA,Area (10^6 km^2),Monthly North Pacific High Area,NA,NA,NA,1,-07-15
1983,08,1983-08,5.105007018344356,NA,NA,NA,Area (10^6 km^2),Monthly North Pacific High Area,NA,NA,NA,1,-08-15
1983,09,1983-09,4.010089513119676,NA,NA,NA,Area (10^6 km^2),Monthly North Pacific High Area,NA,NA,NA,1,-09-15
1983,10,1983-10,1.9729326594356889,NA,NA,NA,Area (10^6 km^2),Monthly North Pacific High Area,NA,NA,NA,1,-10-15
1983,11,1983-11,1.2883205783050151,NA,NA,NA,Area (10^6 km^2),Monthly North Pacific High Area,NA,NA,NA,1,-11-15
1983,12,1983-12,0.1311787235930931,NA,NA,NA,Area (10^6 km^2),Monthly North Pacific High Area,NA,NA,NA,1,-12-15
1984,01,1984-01,4.325697670708007,NA,NA,NA,Area (10^6 km^2),Monthly North Pacific High Area,NA,NA,NA,1,-01-15
1984,02,1984-02,3.023023884697557,NA,NA,NA,Area (10^6 km^2),Monthly North Pacific High Area,NA,NA,NA,1,-02-15
1984,03,1984-03,2.7692059790056547,NA,NA,NA,Area (10^6 km^2),Monthly North Pacific High Area,NA,NA,NA,1,-03-15
1984,04,1984-04,6.812149137626564,NA,NA,NA,Area (10^6 km^2),Monthly North Pacific High Area,NA,NA,NA,1,-04-15
1984,05,1984-05,5.811924231380272,NA,NA,NA,Area (10^6 km^2),Monthly North Pacific High Area,NA,NA,NA,1,-05-15
1984,06,1984-06,5.6805923510950525,NA,NA,NA,Area (10^6 km^2),Monthly North Pacific High Area,NA,NA,NA,1,-06-15
1984,07,1984-07,4.068506684338268,NA,NA,NA,Area (10^6 km^2),Monthly North Pacific High Area,NA,NA,NA,1,-07-15
1984,08,1984-08,4.250893761367289,NA,NA,NA,Area (10^6 km^2),Monthly North Pacific High Area,NA,NA,NA,1,-08-15
1984,09,1984-09,1.22456355303444,NA,NA,NA,Area (10^6 km^2),Monthly North Pacific High Area,NA,NA,NA,1,-09-15
1984,10,1984-10,2.7644860586221527,NA,NA,NA,Area (10^6 km^2),Monthly North Pacific High Area,NA,NA,NA,1,-10-15
1984,11,1984-11,3.900111997185233,NA,NA,NA,Area (10^6 km^2),Monthly North Pacific High Area,NA,NA,NA,1,-11-15
1984,12,1984-12,3.385066992746611,NA,NA,NA,Area (10^6 km^2),Monthly North Pacific High Area,NA,NA,NA,1,-12-15
1985,01,1985-01,1.150489659297036,NA,NA,NA,Area (10^6 km^2),Monthly North Pacific High Area,NA,NA,NA,1,-01-15
1985,02,1985-02,4.9893566430126794,NA,NA,NA,Area (10^6 km^2),Monthly North Pacific High Area,NA,NA,NA,1,-02-15
1985,03,1985-03,6.5841649784643295,NA,NA,NA,Area (10^6 km^2),Monthly North Pacific High Area,NA,NA,NA,1,-03-15
1985,04,1985-04,5.692542320177784,NA,NA,NA,Area (10^6 km^2),Monthly North Pacific High Area,NA,NA,NA,1,-04-15
1985,05,1985-05,5.334744625510016,NA,NA,NA,Area (10^6 km^2),Monthly North Pacific High Area,NA,NA,NA,1,-05-15
1985,06,1985-06,4.161110310220118,NA,NA,NA,Area (10^6 km^2),Monthly North Pacific High Area,NA,NA,NA,1,-06-15
1985,07,1985-07,4.588288073087559,NA,NA,NA,Area (10^6 km^2),Monthly North Pacific High Area,NA,NA,NA,1,-07-15
1985,08,1985-08,4.456851778693487,NA,NA,NA,Area (10^6 km^2),Monthly North Pacific High Area,NA,NA,NA,1,-08-15
1985,09,1985-09,3.262866606603152,NA,NA,NA,Area (10^6 km^2),Monthly North Pacific High Area,NA,NA,NA,1,-09-15
1985,10,1985-10,3.887113333169067,NA,NA,NA,Area (10^6 km^2),Monthly North Pacific High Area,NA,NA,NA,1,-10-15
1985,11,1985-11,0.8457685163944776,NA,NA,NA,Area (10^6 km^2),Monthly North Pacific High Area,NA,NA,NA,1,-11-15
1985,12,1985-12,0.8170103431331512,NA,NA,NA,Area (10^6 km^2),Monthly North Pacific High Area,NA,NA,NA,1,-12-15
1986,01,1986-01,0.03255044409714993,NA,NA,NA,Area (10^6 km^2),Monthly North Pacific High Area,NA,NA,NA,1,-01-15
1986,02,1986-02,0.02218433518367459,NA,NA,NA,Area (10^6 km^2),Monthly North Pacific High Area,NA,NA,NA,1,-02-15
1986,03,1986-03,0.3856079632346704,NA,NA,NA,Area (10^6 km^2),Monthly North Pacific High Area,NA,NA,NA,1,-03-15
1986,04,1986-04,6.166973507075156,NA,NA,NA,Area (10^6 km^2),Monthly North Pacific High Area,NA,NA,NA,1,-04-15
1986,05,1986-05,3.576570456792075,NA,NA,NA,Area (10^6 km^2),Monthly North Pacific High Area,NA,NA,NA,1,-05-15
1986,06,1986-06,3.8212142061312058,NA,NA,NA,Area (10^6 km^2),Monthly North Pacific High Area,NA,NA,NA,1,-06-15
1986,07,1986-07,5.433209073178641,NA,NA,NA,Area (10^6 km^2),Monthly North Pacific High Area,NA,NA,NA,1,-07-15
1986,08,1986-08,3.501692612340285,NA,NA,NA,Area (10^6 km^2),Monthly North Pacific High Area,NA,NA,NA,1,-08-15
1986,09,1986-09,2.425385929865792,NA,NA,NA,Area (10^6 km^2),Monthly North Pacific High Area,NA,NA,NA,1,-09-15
1986,10,1986-10,0,NA,NA,NA,Area (10^6 km^2),Monthly North Pacific High Area,NA,NA,NA,1,-10-15
1986,11,1986-11,4.723999534967587,NA,NA,NA,Area (10^6 km^2),Monthly North Pacific High Area,NA,NA,NA,1,-11-15
1986,12,1986-12,0.9156560903465918,NA,NA,NA,Area (10^6 km^2),Monthly North Pacific High Area,NA,NA,NA,1,-12-15
1987,01,1987-01,3.0448749037224787,NA,NA,NA,Area (10^6 km^2),Monthly North Pacific High Area,NA,NA,NA,1,-01-15
1987,02,1987-02,0,NA,NA,NA,Area (10^6 km^2),Monthly North Pacific High Area,NA,NA,NA,1,-02-15
1987,03,1987-03,0.02180152619448833,NA,NA,NA,Area (10^6 km^2),Monthly North Pacific High Area,NA,NA,NA,1,-03-15
1987,04,1987-04,4.227166507903709,NA,NA,NA,Area (10^6 km^2),Monthly North Pacific High Area,NA,NA,NA,1,-04-15
1987,05,1987-05,3.935887958683128,NA,NA,NA,Area (10^6 km^2),Monthly North Pacific High Area,NA,NA,NA,1,-05-15
1987,06,1987-06,5.321414239749556,NA,NA,NA,Area (10^6 km^2),Monthly North Pacific High Area,NA,NA,NA,1,-06-15
1987,07,1987-07,4.225217838132328,NA,NA,NA,Area (10^6 km^2),Monthly North Pacific High Area,NA,NA,NA,1,-07-15
1987,08,1987-08,3.032042161289576,NA,NA,NA,Area (10^6 km^2),Monthly North Pacific High Area,NA,NA,NA,1,-08-15
1987,09,1987-09,3.071756043053658,NA,NA,NA,Area (10^6 km^2),Monthly North Pacific High Area,NA,NA,NA,1,-09-15
1987,10,1987-10,1.933667422723634,NA,NA,NA,Area (10^6 km^2),Monthly North Pacific High Area,NA,NA,NA,1,-10-15
1987,11,1987-11,3.3439293445091036,NA,NA,NA,Area (10^6 km^2),Monthly North Pacific High Area,NA,NA,NA,1,-11-15
1987,12,1987-12,3.2421799850719317,NA,NA,NA,Area (10^6 km^2),Monthly North Pacific High Area,NA,NA,NA,1,-12-15
1988,01,1988-01,1.41463754474075,NA,NA,NA,Area (10^6 km^2),Monthly North Pacific High Area,NA,NA,NA,1,-01-15
1988,02,1988-02,2.95620997608802,NA,NA,NA,Area (10^6 km^2),Monthly North Pacific High Area,NA,NA,NA,1,-02-15
1988,03,1988-03,6.262935862947359,NA,NA,NA,Area (10^6 km^2),Monthly North Pacific High Area,NA,NA,NA,1,-03-15
1988,04,1988-04,3.729794063702117,NA,NA,NA,Area (10^6 km^2),Monthly North Pacific High Area,NA,NA,NA,1,-04-15
1988,05,1988-05,5.802538264803604,NA,NA,NA,Area (10^6 km^2),Monthly North Pacific High Area,NA,NA,NA,1,-05-15
1988,06,1988-06,5.606941225797198,NA,NA,NA,Area (10^6 km^2),Monthly North Pacific High Area,NA,NA,NA,1,-06-15
1988,07,1988-07,5.01553464409761,NA,NA,NA,Area (10^6 km^2),Monthly North Pacific High Area,NA,NA,NA,1,-07-15
1988,08,1988-08,4.2868966237336465,NA,NA,NA,Area (10^6 km^2),Monthly North Pacific High Area,NA,NA,NA,1,-08-15
1988,09,1988-09,3.4982180903372027,NA,NA,NA,Area (10^6 km^2),Monthly North Pacific High Area,NA,NA,NA,1,-09-15
1988,10,1988-10,0.1652222504804975,NA,NA,NA,Area (10^6 km^2),Monthly North Pacific High Area,NA,NA,NA,1,-10-15
1988,11,1988-11,4.3456392612717725,NA,NA,NA,Area (10^6 km^2),Monthly North Pacific High Area,NA,NA,NA,1,-11-15
1988,12,1988-12,4.560499650476822,NA,NA,NA,Area (10^6 km^2),Monthly North Pacific High Area,NA,NA,NA,1,-12-15
1989,01,1989-01,6.8783164626873585,NA,NA,NA,Area (10^6 km^2),Monthly North Pacific High Area,NA,NA,NA,1,-01-15
1989,02,1989-02,4.376984250264178,NA,NA,NA,Area (10^6 km^2),Monthly North Pacific High Area,NA,NA,NA,1,-02-15
1989,03,1989-03,0.614800385345891,NA,NA,NA,Area (10^6 km^2),Monthly North Pacific High Area,NA,NA,NA,1,-03-15
1989,04,1989-04,3.532698976879509,NA,NA,NA,Area (10^6 km^2),Monthly North Pacific High Area,NA,NA,NA,1,-04-15
1989,05,1989-05,6.388098528252129,NA,NA,NA,Area (10^6 km^2),Monthly North Pacific High Area,NA,NA,NA,1,-05-15
1989,06,1989-06,4.912567467001426,NA,NA,NA,Area (10^6 km^2),Monthly North Pacific High Area,NA,NA,NA,1,-06-15
1989,07,1989-07,6.124901211291679,NA,NA,NA,Area (10^6 km^2),Monthly North Pacific High Area,NA,NA,NA,1,-07-15
1989,08,1989-08,4.785868238792946,NA,NA,NA,Area (10^6 km^2),Monthly North Pacific High Area,NA,NA,NA,1,-08-15
1989,09,1989-09,2.594035525572606,NA,NA,NA,Area (10^6 km^2),Monthly North Pacific High Area,NA,NA,NA,1,-09-15
1989,10,1989-10,2.2442950527002976,NA,NA,NA,Area (10^6 km^2),Monthly North Pacific High Area,NA,NA,NA,1,-10-15
1989,11,1989-11,2.0126290874851698,NA,NA,NA,Area (10^6 km^2),Monthly North Pacific High Area,NA,NA,NA,1,-11-15
1989,12,1989-12,1.762304804824924,NA,NA,NA,Area (10^6 km^2),Monthly North Pacific High Area,NA,NA,NA,1,-12-15
1990,01,1990-01,4.33097293514762,NA,NA,NA,Area (10^6 km^2),Monthly North Pacific High Area,NA,NA,NA,1,-01-15
1990,02,1990-02,5.70282902036847,NA,NA,NA,Area (10^6 km^2),Monthly North Pacific High Area,NA,NA,NA,1,-02-15
1990,03,1990-03,4.056586278022118,NA,NA,NA,Area (10^6 km^2),Monthly North Pacific High Area,NA,NA,NA,1,-03-15
1990,04,1990-04,2.7864017524058102,NA,NA,NA,Area (10^6 km^2),Monthly North Pacific High Area,NA,NA,NA,1,-04-15
1990,05,1990-05,5.492127467331087,NA,NA,NA,Area (10^6 km^2),Monthly North Pacific High Area,NA,NA,NA,1,-05-15
1990,06,1990-06,5.987798766393253,NA,NA,NA,Area (10^6 km^2),Monthly North Pacific High Area,NA,NA,NA,1,-06-15
1990,07,1990-07,4.171374228270308,NA,NA,NA,Area (10^6 km^2),Monthly North Pacific High Area,NA,NA,NA,1,-07-15
1990,08,1990-08,4.086730992996476,NA,NA,NA,Area (10^6 km^2),Monthly North Pacific High Area,NA,NA,NA,1,-08-15
1990,09,1990-09,3.451389859170227,NA,NA,NA,Area (10^6 km^2),Monthly North Pacific High Area,NA,NA,NA,1,-09-15
1990,10,1990-10,4.7635977184195495,NA,NA,NA,Area (10^6 km^2),Monthly North Pacific High Area,NA,NA,NA,1,-10-15
1990,11,1990-11,4.985328693943974,NA,NA,NA,Area (10^6 km^2),Monthly North Pacific High Area,NA,NA,NA,1,-11-15
1990,12,1990-12,4.7758867700686825,NA,NA,NA,Area (10^6 km^2),Monthly North Pacific High Area,NA,NA,NA,1,-12-15
1991,01,1991-01,1.523775958778686,NA,NA,NA,Area (10^6 km^2),Monthly North Pacific High Area,NA,NA,NA,1,-01-15
1991,02,1991-02,0.4548684408024179,NA,NA,NA,Area (10^6 km^2),Monthly North Pacific High Area,NA,NA,NA,1,-02-15
1991,03,1991-03,4.826911356910262,NA,NA,NA,Area (10^6 km^2),Monthly North Pacific High Area,NA,NA,NA,1,-03-15
1991,04,1991-04,6.210019985233154,NA,NA,NA,Area (10^6 km^2),Monthly North Pacific High Area,NA,NA,NA,1,-04-15
1991,05,1991-05,6.004284831011013,NA,NA,NA,Area (10^6 km^2),Monthly North Pacific High Area,NA,NA,NA,1,-05-15
1991,06,1991-06,5.539983090694175,NA,NA,NA,Area (10^6 km^2),Monthly North Pacific High Area,NA,NA,NA,1,-06-15
1991,07,1991-07,4.885111059943305,NA,NA,NA,Area (10^6 km^2),Monthly North Pacific High Area,NA,NA,NA,1,-07-15
1991,08,1991-08,4.882388411002453,NA,NA,NA,Area (10^6 km^2),Monthly North Pacific High Area,NA,NA,NA,1,-08-15
1991,09,1991-09,1.571500684829049,NA,NA,NA,Area (10^6 km^2),Monthly North Pacific High Area,NA,NA,NA,1,-09-15
1991,10,1991-10,1.6333945104420868,NA,NA,NA,Area (10^6 km^2),Monthly North Pacific High Area,NA,NA,NA,1,-10-15
1991,11,1991-11,3.1021031593383888,NA,NA,NA,Area (10^6 km^2),Monthly North Pacific High Area,NA,NA,NA,1,-11-15
1991,12,1991-12,2.678576699959116,NA,NA,NA,Area (10^6 km^2),Monthly North Pacific High Area,NA,NA,NA,1,-12-15
1992,01,1992-01,0.4947163544641085,NA,NA,NA,Area (10^6 km^2),Monthly North Pacific High Area,NA,NA,NA,1,-01-15
1992,02,1992-02,0.03341167444934152,NA,NA,NA,Area (10^6 km^2),Monthly North Pacific High Area,NA,NA,NA,1,-02-15
1992,03,1992-03,2.1467313088671527,NA,NA,NA,Area (10^6 km^2),Monthly North Pacific High Area,NA,NA,NA,1,-03-15
1992,04,1992-04,0.8236666072935305,NA,NA,NA,Area (10^6 km^2),Monthly North Pacific High Area,NA,NA,NA,1,-04-15
1992,05,1992-05,0.4716949827485177,NA,NA,NA,Area (10^6 km^2),Monthly North Pacific High Area,NA,NA,NA,1,-05-15
1992,06,1992-06,4.011646065025235,NA,NA,NA,Area (10^6 km^2),Monthly North Pacific High Area,NA,NA,NA,1,-06-15
1992,07,1992-07,4.328369654343168,NA,NA,NA,Area (10^6 km^2),Monthly North Pacific High Area,NA,NA,NA,1,-07-15
1992,08,1992-08,5.029078515347273,NA,NA,NA,Area (10^6 km^2),Monthly North Pacific High Area,NA,NA,NA,1,-08-15
1992,09,1992-09,2.551101762047614,NA,NA,NA,Area (10^6 km^2),Monthly North Pacific High Area,NA,NA,NA,1,-09-15
1992,10,1992-10,0.03182110129395608,NA,NA,NA,Area (10^6 km^2),Monthly North Pacific High Area,NA,NA,NA,1,-10-15
1992,11,1992-11,1.908278964929804,NA,NA,NA,Area (10^6 km^2),Monthly North Pacific High Area,NA,NA,NA,1,-11-15
1992,12,1992-12,5.405758628359498,NA,NA,NA,Area (10^6 km^2),Monthly North Pacific High Area,NA,NA,NA,1,-12-15
1993,01,1993-01,0.01122733926566692,NA,NA,NA,Area (10^6 km^2),Monthly North Pacific High Area,NA,NA,NA,1,-01-15
1993,02,1993-02,0,NA,NA,NA,Area (10^6 km^2),Monthly North Pacific High Area,NA,NA,NA,1,-02-15
1993,03,1993-03,2.577487097198787,NA,NA,NA,Area (10^6 km^2),Monthly North Pacific High Area,NA,NA,NA,1,-03-15
1993,04,1993-04,4.572650953678801,NA,NA,NA,Area (10^6 km^2),Monthly North Pacific High Area,NA,NA,NA,1,-04-15
1993,05,1993-05,1.329659842593655,NA,NA,NA,Area (10^6 km^2),Monthly North Pacific High Area,NA,NA,NA,1,-05-15
1993,06,1993-06,4.196309720505552,NA,NA,NA,Area (10^6 km^2),Monthly North Pacific High Area,NA,NA,NA,1,-06-15
1993,07,1993-07,4.846554726156881,NA,NA,NA,Area (10^6 km^2),Monthly North Pacific High Area,NA,NA,NA,1,-07-15
1993,08,1993-08,4.446112257394232,NA,NA,NA,Area (10^6 km^2),Monthly North Pacific High Area,NA,NA,NA,1,-08-15
1993,09,1993-09,2.293018876798273,NA,NA,NA,Area (10^6 km^2),Monthly North Pacific High Area,NA,NA,NA,1,-09-15
1993,10,1993-10,0.15409332004136708,NA,NA,NA,Area (10^6 km^2),Monthly North Pacific High Area,NA,NA,NA,1,-10-15
1993,11,1993-11,3.751627369391211,NA,NA,NA,Area (10^6 km^2),Monthly North Pacific High Area,NA,NA,NA,1,-11-15
1993,12,1993-12,4.2744666155035755,NA,NA,NA,Area (10^6 km^2),Monthly North Pacific High Area,NA,NA,NA,1,-12-15
1994,01,1994-01,1.8507849996854389,NA,NA,NA,Area (10^6 km^2),Monthly North Pacific High Area,NA,NA,NA,1,-01-15
1994,02,1994-02,2.295932715689498,NA,NA,NA,Area (10^6 km^2),Monthly North Pacific High Area,NA,NA,NA,1,-02-15
1994,03,1994-03,4.721757246066526,NA,NA,NA,Area (10^6 km^2),Monthly North Pacific High Area,NA,NA,NA,1,-03-15
1994,04,1994-04,5.516005241629691,NA,NA,NA,Area (10^6 km^2),Monthly North Pacific High Area,NA,NA,NA,1,-04-15
1994,05,1994-05,5.643215150169167,NA,NA,NA,Area (10^6 km^2),Monthly North Pacific High Area,NA,NA,NA,1,-05-15
1994,06,1994-06,5.74178959213492,NA,NA,NA,Area (10^6 km^2),Monthly North Pacific High Area,NA,NA,NA,1,-06-15
1994,07,1994-07,5.0824700971264125,NA,NA,NA,Area (10^6 km^2),Monthly North Pacific High Area,NA,NA,NA,1,-07-15
1994,08,1994-08,4.853896062199659,NA,NA,NA,Area (10^6 km^2),Monthly North Pacific High Area,NA,NA,NA,1,-08-15
1994,09,1994-09,3.461237696481988,NA,NA,NA,Area (10^6 km^2),Monthly North Pacific High Area,NA,NA,NA,1,-09-15
1994,10,1994-10,2.023926718254301,NA,NA,NA,Area (10^6 km^2),Monthly North Pacific High Area,NA,NA,NA,1,-10-15
1994,11,1994-11,6.602410711369006,NA,NA,NA,Area (10^6 km^2),Monthly North Pacific High Area,NA,NA,NA,1,-11-15
1994,12,1994-12,4.4849104672423135,NA,NA,NA,Area (10^6 km^2),Monthly North Pacific High Area,NA,NA,NA,1,-12-15
1995,01,1995-01,0.0454161246097524,NA,NA,NA,Area (10^6 km^2),Monthly North Pacific High Area,NA,NA,NA,1,-01-15
1995,02,1995-02,0.07338581485588812,NA,NA,NA,Area (10^6 km^2),Monthly North Pacific High Area,NA,NA,NA,1,-02-15
1995,03,1995-03,0,NA,NA,NA,Area (10^6 km^2),Monthly North Pacific High Area,NA,NA,NA,1,-03-15
1995,04,1995-04,4.229195324616917,NA,NA,NA,Area (10^6 km^2),Monthly North Pacific High Area,NA,NA,NA,1,-04-15
1995,05,1995-05,4.367308163356458,NA,NA,NA,Area (10^6 km^2),Monthly North Pacific High Area,NA,NA,NA,1,-05-15
1995,06,1995-06,4.934505608200384,NA,NA,NA,Area (10^6 km^2),Monthly North Pacific High Area,NA,NA,NA,1,-06-15
1995,07,1995-07,4.710509421825426,NA,NA,NA,Area (10^6 km^2),Monthly North Pacific High Area,NA,NA,NA,1,-07-15
1995,08,1995-08,4.33862360097055,NA,NA,NA,Area (10^6 km^2),Monthly North Pacific High Area,NA,NA,NA,1,-08-15
1995,09,1995-09,0.03056621915995781,NA,NA,NA,Area (10^6 km^2),Monthly North Pacific High Area,NA,NA,NA,1,-09-15
1995,10,1995-10,4.21476547420697,NA,NA,NA,Area (10^6 km^2),Monthly North Pacific High Area,NA,NA,NA,1,-10-15
1995,11,1995-11,1.955728923406994,NA,NA,NA,Area (10^6 km^2),Monthly North Pacific High Area,NA,NA,NA,1,-11-15
1995,12,1995-12,1.903633951568607,NA,NA,NA,Area (10^6 km^2),Monthly North Pacific High Area,NA,NA,NA,1,-12-15
1996,01,1996-01,1.84953921676373,NA,NA,NA,Area (10^6 km^2),Monthly North Pacific High Area,NA,NA,NA,1,-01-15
1996,02,1996-02,0.06709030014015865,NA,NA,NA,Area (10^6 km^2),Monthly North Pacific High Area,NA,NA,NA,1,-02-15
1996,03,1996-03,0.3609420691257718,NA,NA,NA,Area (10^6 km^2),Monthly North Pacific High Area,NA,NA,NA,1,-03-15
1996,04,1996-04,3.498437646962468,NA,NA,NA,Area (10^6 km^2),Monthly North Pacific High Area,NA,NA,NA,1,-04-15
1996,05,1996-05,2.9264860372773938,NA,NA,NA,Area (10^6 km^2),Monthly North Pacific High Area,NA,NA,NA,1,-05-15
1996,06,1996-06,5.867659272843601,NA,NA,NA,Area (10^6 km^2),Monthly North Pacific High Area,NA,NA,NA,1,-06-15
1996,07,1996-07,5.31923966375778,NA,NA,NA,Area (10^6 km^2),Monthly North Pacific High Area,NA,NA,NA,1,-07-15
1996,08,1996-08,4.193387069377478,NA,NA,NA,Area (10^6 km^2),Monthly North Pacific High Area,NA,NA,NA,1,-08-15
1996,09,1996-09,2.17898822426065,NA,NA,NA,Area (10^6 km^2),Monthly North Pacific High Area,NA,NA,NA,1,-09-15
1996,10,1996-10,2.6923533078490185,NA,NA,NA,Area (10^6 km^2),Monthly North Pacific High Area,NA,NA,NA,1,-10-15
1996,11,1996-11,1.471747681560405,NA,NA,NA,Area (10^6 km^2),Monthly North Pacific High Area,NA,NA,NA,1,-11-15
1996,12,1996-12,0.21776098364276208,NA,NA,NA,Area (10^6 km^2),Monthly North Pacific High Area,NA,NA,NA,1,-12-15
1997,01,1997-01,1.028141459782283,NA,NA,NA,Area (10^6 km^2),Monthly North Pacific High Area,NA,NA,NA,1,-01-15
1997,02,1997-02,4.832550705962132,NA,NA,NA,Area (10^6 km^2),Monthly North Pacific High Area,NA,NA,NA,1,-02-15
1997,03,1997-03,4.9691355647646605,NA,NA,NA,Area (10^6 km^2),Monthly North Pacific High Area,NA,NA,NA,1,-03-15
1997,04,1997-04,3.729156323590749,NA,NA,NA,Area (10^6 km^2),Monthly North Pacific High Area,NA,NA,NA,1,-04-15
1997,05,1997-05,0,NA,NA,NA,Area (10^6 km^2),Monthly North Pacific High Area,NA,NA,NA,1,-05-15
1997,06,1997-06,4.834617210519298,NA,NA,NA,Area (10^6 km^2),Monthly North Pacific High Area,NA,NA,NA,1,-06-15
1997,07,1997-07,4.955106130198428,NA,NA,NA,Area (10^6 km^2),Monthly North Pacific High Area,NA,NA,NA,1,-07-15
1997,08,1997-08,3.3841890822436898,NA,NA,NA,Area (10^6 km^2),Monthly North Pacific High Area,NA,NA,NA,1,-08-15
1997,09,1997-09,1.15477309765589,NA,NA,NA,Area (10^6 km^2),Monthly North Pacific High Area,NA,NA,NA,1,-09-15
1997,10,1997-10,2.7972486643659167,NA,NA,NA,Area (10^6 km^2),Monthly North Pacific High Area,NA,NA,NA,1,-10-15
1997,11,1997-11,0.28281370162166,NA,NA,NA,Area (10^6 km^2),Monthly North Pacific High Area,NA,NA,NA,1,-11-15
1997,12,1997-12,3.880155974580581,NA,NA,NA,Area (10^6 km^2),Monthly North Pacific High Area,NA,NA,NA,1,-12-15
1998,01,1998-01,0,NA,NA,NA,Area (10^6 km^2),Monthly North Pacific High Area,NA,NA,NA,1,-01-15
1998,02,1998-02,1.590388101104153,NA,NA,NA,Area (10^6 km^2),Monthly North Pacific High Area,NA,NA,NA,1,-02-15
1998,03,1998-03,2.894039306663398,NA,NA,NA,Area (10^6 km^2),Monthly North Pacific High Area,NA,NA,NA,1,-03-15
1998,04,1998-04,7.3028172616941776,NA,NA,NA,Area (10^6 km^2),Monthly North Pacific High Area,NA,NA,NA,1,-04-15
1998,05,1998-05,6.33480888110738,NA,NA,NA,Area (10^6 km^2),Monthly North Pacific High Area,NA,NA,NA,1,-05-15
1998,06,1998-06,6.137984228830451,NA,NA,NA,Area (10^6 km^2),Monthly North Pacific High Area,NA,NA,NA,1,-06-15
1998,07,1998-07,5.718876739609115,NA,NA,NA,Area (10^6 km^2),Monthly North Pacific High Area,NA,NA,NA,1,-07-15
1998,08,1998-08,5.471906614564457,NA,NA,NA,Area (10^6 km^2),Monthly North Pacific High Area,NA,NA,NA,1,-08-15
1998,09,1998-09,3.582285837671439,NA,NA,NA,Area (10^6 km^2),Monthly North Pacific High Area,NA,NA,NA,1,-09-15
1998,10,1998-10,4.91994745343638,NA,NA,NA,Area (10^6 km^2),Monthly North Pacific High Area,NA,NA,NA,1,-10-15
1998,11,1998-11,4.4932216034856785,NA,NA,NA,Area (10^6 km^2),Monthly North Pacific High Area,NA,NA,NA,1,-11-15
1998,12,1998-12,6.924567216582575,NA,NA,NA,Area (10^6 km^2),Monthly North Pacific High Area,NA,NA,NA,1,-12-15
1999,01,1999-01,4.841691951196396,NA,NA,NA,Area (10^6 km^2),Monthly North Pacific High Area,NA,NA,NA,1,-01-15
1999,02,1999-02,5.594855812398874,NA,NA,NA,Area (10^6 km^2),Monthly North Pacific High Area,NA,NA,NA,1,-02-15
1999,03,1999-03,5.784902760428346,NA,NA,NA,Area (10^6 km^2),Monthly North Pacific High Area,NA,NA,NA,1,-03-15
1999,04,1999-04,7.665317264563493,NA,NA,NA,Area (10^6 km^2),Monthly North Pacific High Area,NA,NA,NA,1,-04-15
1999,05,1999-05,6.671644641883439,NA,NA,NA,Area (10^6 km^2),Monthly North Pacific High Area,NA,NA,NA,1,-05-15
1999,06,1999-06,5.602922354458062,NA,NA,NA,Area (10^6 km^2),Monthly North Pacific High Area,NA,NA,NA,1,-06-15
1999,07,1999-07,5.448534379679993,NA,NA,NA,Area (10^6 km^2),Monthly North Pacific High Area,NA,NA,NA,1,-07-15
1999,08,1999-08,5.01102329478011,NA,NA,NA,Area (10^6 km^2),Monthly North Pacific High Area,NA,NA,NA,1,-08-15
1999,09,1999-09,3.922254399267787,NA,NA,NA,Area (10^6 km^2),Monthly North Pacific High Area,NA,NA,NA,1,-09-15
1999,10,1999-10,3.634286417740639,NA,NA,NA,Area (10^6 km^2),Monthly North Pacific High Area,NA,NA,NA,1,-10-15
1999,11,1999-11,2.861232188857617,NA,NA,NA,Area (10^6 km^2),Monthly North Pacific High Area,NA,NA,NA,1,-11-15
1999,12,1999-12,4.73929273905905,NA,NA,NA,Area (10^6 km^2),Monthly North Pacific High Area,NA,NA,NA,1,-12-15
2000,01,2000-01,5.006722089001952,NA,NA,NA,Area (10^6 km^2),Monthly North Pacific High Area,NA,NA,NA,1,-01-15
2000,02,2000-02,3.2510006208742506,NA,NA,NA,Area (10^6 km^2),Monthly North Pacific High Area,NA,NA,NA,1,-02-15
2000,03,2000-03,5.85989747654769,NA,NA,NA,Area (10^6 km^2),Monthly North Pacific High Area,NA,NA,NA,1,-03-15
2000,04,2000-04,5.695936723097872,NA,NA,NA,Area (10^6 km^2),Monthly North Pacific High Area,NA,NA,NA,1,-04-15
2000,05,2000-05,4.187241320335639,NA,NA,NA,Area (10^6 km^2),Monthly North Pacific High Area,NA,NA,NA,1,-05-15
2000,06,2000-06,4.32598808811032,NA,NA,NA,Area (10^6 km^2),Monthly North Pacific High Area,NA,NA,NA,1,-06-15
2000,07,2000-07,5.739406111963943,NA,NA,NA,Area (10^6 km^2),Monthly North Pacific High Area,NA,NA,NA,1,-07-15
2000,08,2000-08,4.706214994621992,NA,NA,NA,Area (10^6 km^2),Monthly North Pacific High Area,NA,NA,NA,1,-08-15
2000,09,2000-09,2.323402737434517,NA,NA,NA,Area (10^6 km^2),Monthly North Pacific High Area,NA,NA,NA,1,-09-15
2000,10,2000-10,3.789689714928752,NA,NA,NA,Area (10^6 km^2),Monthly North Pacific High Area,NA,NA,NA,1,-10-15
2000,11,2000-11,4.76032749392465,NA,NA,NA,Area (10^6 km^2),Monthly North Pacific High Area,NA,NA,NA,1,-11-15
2000,12,2000-12,2.010278157926036,NA,NA,NA,Area (10^6 km^2),Monthly North Pacific High Area,NA,NA,NA,1,-12-15
2001,01,2001-01,3.4772815569094138,NA,NA,NA,Area (10^6 km^2),Monthly North Pacific High Area,NA,NA,NA,1,-01-15
2001,02,2001-02,4.3505465936601695,NA,NA,NA,Area (10^6 km^2),Monthly North Pacific High Area,NA,NA,NA,1,-02-15
2001,03,2001-03,5.054205751540837,NA,NA,NA,Area (10^6 km^2),Monthly North Pacific High Area,NA,NA,NA,1,-03-15
2001,04,2001-04,7.124090493901663,NA,NA,NA,Area (10^6 km^2),Monthly North Pacific High Area,NA,NA,NA,1,-04-15
2001,05,2001-05,5.15422818389697,NA,NA,NA,Area (10^6 km^2),Monthly North Pacific High Area,NA,NA,NA,1,-05-15
2001,06,2001-06,5.1562956942581435,NA,NA,NA,Area (10^6 km^2),Monthly North Pacific High Area,NA,NA,NA,1,-06-15
2001,07,2001-07,5.158499320516908,NA,NA,NA,Area (10^6 km^2),Monthly North Pacific High Area,NA,NA,NA,1,-07-15
2001,08,2001-08,4.2809285539011785,NA,NA,NA,Area (10^6 km^2),Monthly North Pacific High Area,NA,NA,NA,1,-08-15
2001,09,2001-09,1.532497632672256,NA,NA,NA,Area (10^6 km^2),Monthly North Pacific High Area,NA,NA,NA,1,-09-15
2001,10,2001-10,4.1337698973682535,NA,NA,NA,Area (10^6 km^2),Monthly North Pacific High Area,NA,NA,NA,1,-10-15
2001,11,2001-11,0.02190055754371098,NA,NA,NA,Area (10^6 km^2),Monthly North Pacific High Area,NA,NA,NA,1,-11-15
2001,12,2001-12,2.753598773260495,NA,NA,NA,Area (10^6 km^2),Monthly North Pacific High Area,NA,NA,NA,1,-12-15
2002,01,2002-01,3.5891539723701427,NA,NA,NA,Area (10^6 km^2),Monthly North Pacific High Area,NA,NA,NA,1,-01-15
2002,02,2002-02,4.749790789564675,NA,NA,NA,Area (10^6 km^2),Monthly North Pacific High Area,NA,NA,NA,1,-02-15
2002,03,2002-03,5.003903806663258,NA,NA,NA,Area (10^6 km^2),Monthly North Pacific High Area,NA,NA,NA,1,-03-15
2002,04,2002-04,4.565727363867475,NA,NA,NA,Area (10^6 km^2),Monthly North Pacific High Area,NA,NA,NA,1,-04-15
2002,05,2002-05,4.345080958137778,NA,NA,NA,Area (10^6 km^2),Monthly North Pacific High Area,NA,NA,NA,1,-05-15
2002,06,2002-06,4.235081101145187,NA,NA,NA,Area (10^6 km^2),Monthly North Pacific High Area,NA,NA,NA,1,-06-15
2002,07,2002-07,4.965297015597294,NA,NA,NA,Area (10^6 km^2),Monthly North Pacific High Area,NA,NA,NA,1,-07-15
2002,08,2002-08,4.331137619090339,NA,NA,NA,Area (10^6 km^2),Monthly North Pacific High Area,NA,NA,NA,1,-08-15
2002,09,2002-09,2.417927773109804,NA,NA,NA,Area (10^6 km^2),Monthly North Pacific High Area,NA,NA,NA,1,-09-15
2002,10,2002-10,1.9133725103147208,NA,NA,NA,Area (10^6 km^2),Monthly North Pacific High Area,NA,NA,NA,1,-10-15
2002,11,2002-11,0.416635771871216,NA,NA,NA,Area (10^6 km^2),Monthly North Pacific High Area,NA,NA,NA,1,-11-15
2002,12,2002-12,2.3196264130643907,NA,NA,NA,Area (10^6 km^2),Monthly North Pacific High Area,NA,NA,NA,1,-12-15
2003,01,2003-01,0.28120269788219626,NA,NA,NA,Area (10^6 km^2),Monthly North Pacific High Area,NA,NA,NA,1,-01-15
2003,02,2003-02,1.8095214657746228,NA,NA,NA,Area (10^6 km^2),Monthly North Pacific High Area,NA,NA,NA,1,-02-15
2003,03,2003-03,2.290863868877057,NA,NA,NA,Area (10^6 km^2),Monthly North Pacific High Area,NA,NA,NA,1,-03-15
2003,04,2003-04,5.859963527731359,NA,NA,NA,Area (10^6 km^2),Monthly North Pacific High Area,NA,NA,NA,1,-04-15
2003,05,2003-05,5.259189581205777,NA,NA,NA,Area (10^6 km^2),Monthly North Pacific High Area,NA,NA,NA,1,-05-15
2003,06,2003-06,3.5679994915628312,NA,NA,NA,Area (10^6 km^2),Monthly North Pacific High Area,NA,NA,NA,1,-06-15
2003,07,2003-07,5.202237427499802,NA,NA,NA,Area (10^6 km^2),Monthly North Pacific High Area,NA,NA,NA,1,-07-15
2003,08,2003-08,4.914895309095758,NA,NA,NA,Area (10^6 km^2),Monthly North Pacific High Area,NA,NA,NA,1,-08-15
2003,09,2003-09,1.924684311314569,NA,NA,NA,Area (10^6 km^2),Monthly North Pacific High Area,NA,NA,NA,1,-09-15
2003,10,2003-10,0.502897793467689,NA,NA,NA,Area (10^6 km^2),Monthly North Pacific High Area,NA,NA,NA,1,-10-15
2003,11,2003-11,3.91966181728558,NA,NA,NA,Area (10^6 km^2),Monthly North Pacific High Area,NA,NA,NA,1,-11-15
2003,12,2003-12,0.8648314686399753,NA,NA,NA,Area (10^6 km^2),Monthly North Pacific High Area,NA,NA,NA,1,-12-15
2004,01,2004-01,1.048923473864848,NA,NA,NA,Area (10^6 km^2),Monthly North Pacific High Area,NA,NA,NA,1,-01-15
2004,02,2004-02,1.5648046445217347,NA,NA,NA,Area (10^6 km^2),Monthly North Pacific High Area,NA,NA,NA,1,-02-15
2004,03,2004-03,4.959074604189113,NA,NA,NA,Area (10^6 km^2),Monthly North Pacific High Area,NA,NA,NA,1,-03-15
2004,04,2004-04,4.4239610570717645,NA,NA,NA,Area (10^6 km^2),Monthly North Pacific High Area,NA,NA,NA,1,-04-15
2004,05,2004-05,4.465358675458987,NA,NA,NA,Area (10^6 km^2),Monthly North Pacific High Area,NA,NA,NA,1,-05-15
2004,06,2004-06,5.4396223811352895,NA,NA,NA,Area (10^6 km^2),Monthly North Pacific High Area,NA,NA,NA,1,-06-15
2004,07,2004-07,4.357628700797439,NA,NA,NA,Area (10^6 km^2),Monthly North Pacific High Area,NA,NA,NA,1,-07-15
2004,08,2004-08,3.790300925602813,NA,NA,NA,Area (10^6 km^2),Monthly North Pacific High Area,NA,NA,NA,1,-08-15
2004,09,2004-09,3.704950251117608,NA,NA,NA,Area (10^6 km^2),Monthly North Pacific High Area,NA,NA,NA,1,-09-15
2004,10,2004-10,2.970509028836839,NA,NA,NA,Area (10^6 km^2),Monthly North Pacific High Area,NA,NA,NA,1,-10-15
2004,11,2004-11,4.647010139186353,NA,NA,NA,Area (10^6 km^2),Monthly North Pacific High Area,NA,NA,NA,1,-11-15
2004,12,2004-12,3.665191804984814,NA,NA,NA,Area (10^6 km^2),Monthly North Pacific High Area,NA,NA,NA,1,-12-15
2005,01,2005-01,0.15395384991666047,NA,NA,NA,Area (10^6 km^2),Monthly North Pacific High Area,NA,NA,NA,1,-01-15
2005,02,2005-02,0.1608908131409747,NA,NA,NA,Area (10^6 km^2),Monthly North Pacific High Area,NA,NA,NA,1,-02-15
2005,03,2005-03,1.6084016065320788,NA,NA,NA,Area (10^6 km^2),Monthly North Pacific High Area,NA,NA,NA,1,-03-15
2005,04,2005-04,6.2623643322018765,NA,NA,NA,Area (10^6 km^2),Monthly North Pacific High Area,NA,NA,NA,1,-04-15
2005,05,2005-05,2.015055290879943,NA,NA,NA,Area (10^6 km^2),Monthly North Pacific High Area,NA,NA,NA,1,-05-15
2005,06,2005-06,5.650589680729966,NA,NA,NA,Area (10^6 km^2),Monthly North Pacific High Area,NA,NA,NA,1,-06-15
2005,07,2005-07,5.262185950056679,NA,NA,NA,Area (10^6 km^2),Monthly North Pacific High Area,NA,NA,NA,1,-07-15
2005,08,2005-08,3.975054969818865,NA,NA,NA,Area (10^6 km^2),Monthly North Pacific High Area,NA,NA,NA,1,-08-15
2005,09,2005-09,5.0728097988575405,NA,NA,NA,Area (10^6 km^2),Monthly North Pacific High Area,NA,NA,NA,1,-09-15
2005,10,2005-10,4.396933735964417,NA,NA,NA,Area (10^6 km^2),Monthly North Pacific High Area,NA,NA,NA,1,-10-15
2005,11,2005-11,4.306479159255182,NA,NA,NA,Area (10^6 km^2),Monthly North Pacific High Area,NA,NA,NA,1,-11-15
2005,12,2005-12,0.7561987136990878,NA,NA,NA,Area (10^6 km^2),Monthly North Pacific High Area,NA,NA,NA,1,-12-15
2006,01,2006-01,4.914094382209614,NA,NA,NA,Area (10^6 km^2),Monthly North Pacific High Area,NA,NA,NA,1,-01-15
2006,02,2006-02,5.328179004771914,NA,NA,NA,Area (10^6 km^2),Monthly North Pacific High Area,NA,NA,NA,1,-02-15
2006,03,2006-03,5.195983171701931,NA,NA,NA,Area (10^6 km^2),Monthly North Pacific High Area,NA,NA,NA,1,-03-15
2006,04,2006-04,5.658628162302622,NA,NA,NA,Area (10^6 km^2),Monthly North Pacific High Area,NA,NA,NA,1,-04-15
2006,05,2006-05,5.655004091343178,NA,NA,NA,Area (10^6 km^2),Monthly North Pacific High Area,NA,NA,NA,1,-05-15
2006,06,2006-06,5.300484534756627,NA,NA,NA,Area (10^6 km^2),Monthly North Pacific High Area,NA,NA,NA,1,-06-15
2006,07,2006-07,5.083014177004469,NA,NA,NA,Area (10^6 km^2),Monthly North Pacific High Area,NA,NA,NA,1,-07-15
2006,08,2006-08,4.7829493867604045,NA,NA,NA,Area (10^6 km^2),Monthly North Pacific High Area,NA,NA,NA,1,-08-15
2006,09,2006-09,3.933255394625384,NA,NA,NA,Area (10^6 km^2),Monthly North Pacific High Area,NA,NA,NA,1,-09-15
2006,10,2006-10,2.79979218425406,NA,NA,NA,Area (10^6 km^2),Monthly North Pacific High Area,NA,NA,NA,1,-10-15
2006,11,2006-11,2.635237133538079,NA,NA,NA,Area (10^6 km^2),Monthly North Pacific High Area,NA,NA,NA,1,-11-15
2006,12,2006-12,4.856887314202977,NA,NA,NA,Area (10^6 km^2),Monthly North Pacific High Area,NA,NA,NA,1,-12-15
2007,01,2007-01,5.3584364565056415,NA,NA,NA,Area (10^6 km^2),Monthly North Pacific High Area,NA,NA,NA,1,-01-15
2007,02,2007-02,4.728787936779301,NA,NA,NA,Area (10^6 km^2),Monthly North Pacific High Area,NA,NA,NA,1,-02-15
2007,03,2007-03,4.184288568145921,NA,NA,NA,Area (10^6 km^2),Monthly North Pacific High Area,NA,NA,NA,1,-03-15
2007,04,2007-04,5.803186116801624,NA,NA,NA,Area (10^6 km^2),Monthly North Pacific High Area,NA,NA,NA,1,-04-15
2007,05,2007-05,6.160020823137743,NA,NA,NA,Area (10^6 km^2),Monthly North Pacific High Area,NA,NA,NA,1,-05-15
2007,06,2007-06,5.7322281597550635,NA,NA,NA,Area (10^6 km^2),Monthly North Pacific High Area,NA,NA,NA,1,-06-15
2007,07,2007-07,4.041157787449944,NA,NA,NA,Area (10^6 km^2),Monthly North Pacific High Area,NA,NA,NA,1,-07-15
2007,08,2007-08,4.293935961077224,NA,NA,NA,Area (10^6 km^2),Monthly North Pacific High Area,NA,NA,NA,1,-08-15
2007,09,2007-09,4.4755418287214654,NA,NA,NA,Area (10^6 km^2),Monthly North Pacific High Area,NA,NA,NA,1,-09-15
2007,10,2007-10,4.819390524550768,NA,NA,NA,Area (10^6 km^2),Monthly North Pacific High Area,NA,NA,NA,1,-10-15
2007,11,2007-11,3.375614050082425,NA,NA,NA,Area (10^6 km^2),Monthly North Pacific High Area,NA,NA,NA,1,-11-15
2007,12,2007-12,5.776916324985296,NA,NA,NA,Area (10^6 km^2),Monthly North Pacific High Area,NA,NA,NA,1,-12-15
2008,01,2008-01,5.249678714131742,NA,NA,NA,Area (10^6 km^2),Monthly North Pacific High Area,NA,NA,NA,1,-01-15
2008,02,2008-02,5.20958687915352,NA,NA,NA,Area (10^6 km^2),Monthly North Pacific High Area,NA,NA,NA,1,-02-15
2008,03,2008-03,7.026295099509208,NA,NA,NA,Area (10^6 km^2),Monthly North Pacific High Area,NA,NA,NA,1,-03-15
2008,04,2008-04,6.683560156252536,NA,NA,NA,Area (10^6 km^2),Monthly North Pacific High Area,NA,NA,NA,1,-04-15
2008,05,2008-05,5.730885508427992,NA,NA,NA,Area (10^6 km^2),Monthly North Pacific High Area,NA,NA,NA,1,-05-15
2008,06,2008-06,5.77491422879191,NA,NA,NA,Area (10^6 km^2),Monthly North Pacific High Area,NA,NA,NA,1,-06-15
2008,07,2008-07,4.224350227244814,NA,NA,NA,Area (10^6 km^2),Monthly North Pacific High Area,NA,NA,NA,1,-07-15
2008,08,2008-08,3.840924720581876,NA,NA,NA,Area (10^6 km^2),Monthly North Pacific High Area,NA,NA,NA,1,-08-15
2008,09,2008-09,1.452784613124474,NA,NA,NA,Area (10^6 km^2),Monthly North Pacific High Area,NA,NA,NA,1,-09-15
2008,10,2008-10,5.2550436732483465,NA,NA,NA,Area (10^6 km^2),Monthly North Pacific High Area,NA,NA,NA,1,-10-15
2008,11,2008-11,4.792020618208586,NA,NA,NA,Area (10^6 km^2),Monthly North Pacific High Area,NA,NA,NA,1,-11-15
2008,12,2008-12,5.509890188974831,NA,NA,NA,Area (10^6 km^2),Monthly North Pacific High Area,NA,NA,NA,1,-12-15
2009,01,2009-01,4.949111165239469,NA,NA,NA,Area (10^6 km^2),Monthly North Pacific High Area,NA,NA,NA,1,-01-15
2009,02,2009-02,5.506810474778127,NA,NA,NA,Area (10^6 km^2),Monthly North Pacific High Area,NA,NA,NA,1,-02-15
2009,03,2009-03,6.853404948892671,NA,NA,NA,Area (10^6 km^2),Monthly North Pacific High Area,NA,NA,NA,1,-03-15
2009,04,2009-04,6.774053422712375,NA,NA,NA,Area (10^6 km^2),Monthly North Pacific High Area,NA,NA,NA,1,-04-15
2009,05,2009-05,2.375916684697091,NA,NA,NA,Area (10^6 km^2),Monthly North Pacific High Area,NA,NA,NA,1,-05-15
2009,06,2009-06,3.98967182638206,NA,NA,NA,Area (10^6 km^2),Monthly North Pacific High Area,NA,NA,NA,1,-06-15
2009,07,2009-07,4.9898398911209485,NA,NA,NA,Area (10^6 km^2),Monthly North Pacific High Area,NA,NA,NA,1,-07-15
2009,08,2009-08,4.213875562700731,NA,NA,NA,Area (10^6 km^2),Monthly North Pacific High Area,NA,NA,NA,1,-08-15
2009,09,2009-09,2.22131584051973,NA,NA,NA,Area (10^6 km^2),Monthly North Pacific High Area,NA,NA,NA,1,-09-15
2009,10,2009-10,0.8710046206460418,NA,NA,NA,Area (10^6 km^2),Monthly North Pacific High Area,NA,NA,NA,1,-10-15
2009,11,2009-11,4.1391471278610625,NA,NA,NA,Area (10^6 km^2),Monthly North Pacific High Area,NA,NA,NA,1,-11-15
2009,12,2009-12,0.043504021039754,NA,NA,NA,Area (10^6 km^2),Monthly North Pacific High Area,NA,NA,NA,1,-12-15
2010,01,2010-01,0.04464238378574518,NA,NA,NA,Area (10^6 km^2),Monthly North Pacific High Area,NA,NA,NA,1,-01-15
2010,02,2010-02,0.1548184992442557,NA,NA,NA,Area (10^6 km^2),Monthly North Pacific High Area,NA,NA,NA,1,-02-15
2010,03,2010-03,4.934789611425599,NA,NA,NA,Area (10^6 km^2),Monthly North Pacific High Area,NA,NA,NA,1,-03-15
2010,04,2010-04,5.127403929934757,NA,NA,NA,Area (10^6 km^2),Monthly North Pacific High Area,NA,NA,NA,1,-04-15
2010,05,2010-05,6.721089173993018,NA,NA,NA,Area (10^6 km^2),Monthly North Pacific High Area,NA,NA,NA,1,-05-15
2010,06,2010-06,7.059581835206516,NA,NA,NA,Area (10^6 km^2),Monthly North Pacific High Area,NA,NA,NA,1,-06-15
2010,07,2010-07,5.074289658650308,NA,NA,NA,Area (10^6 km^2),Monthly North Pacific High Area,NA,NA,NA,1,-07-15
2010,08,2010-08,5.201429681214653,NA,NA,NA,Area (10^6 km^2),Monthly North Pacific High Area,NA,NA,NA,1,-08-15
2010,09,2010-09,1.516779609886679,NA,NA,NA,Area (10^6 km^2),Monthly North Pacific High Area,NA,NA,NA,1,-09-15
2010,10,2010-10,3.9406728073501407,NA,NA,NA,Area (10^6 km^2),Monthly North Pacific High Area,NA,NA,NA,1,-10-15
2010,11,2010-11,6.247711016304234,NA,NA,NA,Area (10^6 km^2),Monthly North Pacific High Area,NA,NA,NA,1,-11-15
2010,12,2010-12,0.06933340581233949,NA,NA,NA,Area (10^6 km^2),Monthly North Pacific High Area,NA,NA,NA,1,-12-15
2011,01,2011-01,2.846765587689454,NA,NA,NA,Area (10^6 km^2),Monthly North Pacific High Area,NA,NA,NA,1,-01-15
2011,02,2011-02,5.769399551824182,NA,NA,NA,Area (10^6 km^2),Monthly North Pacific High Area,NA,NA,NA,1,-02-15
2011,03,2011-03,4.810162039140329,NA,NA,NA,Area (10^6 km^2),Monthly North Pacific High Area,NA,NA,NA,1,-03-15
2011,04,2011-04,6.703192684234809,NA,NA,NA,Area (10^6 km^2),Monthly North Pacific High Area,NA,NA,NA,1,-04-15
2011,05,2011-05,6.784941775750146,NA,NA,NA,Area (10^6 km^2),Monthly North Pacific High Area,NA,NA,NA,1,-05-15
2011,06,2011-06,5.808497617295043,NA,NA,NA,Area (10^6 km^2),Monthly North Pacific High Area,NA,NA,NA,1,-06-15
2011,07,2011-07,4.988764851330835,NA,NA,NA,Area (10^6 km^2),Monthly North Pacific High Area,NA,NA,NA,1,-07-15
2011,08,2011-08,5.027884191577477,NA,NA,NA,Area (10^6 km^2),Monthly North Pacific High Area,NA,NA,NA,1,-08-15
2011,09,2011-09,2.174347361035929,NA,NA,NA,Area (10^6 km^2),Monthly North Pacific High Area,NA,NA,NA,1,-09-15
2011,10,2011-10,4.2721239984171415,NA,NA,NA,Area (10^6 km^2),Monthly North Pacific High Area,NA,NA,NA,1,-10-15
2011,11,2011-11,6.093722992206713,NA,NA,NA,Area (10^6 km^2),Monthly North Pacific High Area,NA,NA,NA,1,-11-15
2011,12,2011-12,6.33516437847996,NA,NA,NA,Area (10^6 km^2),Monthly North Pacific High Area,NA,NA,NA,1,-12-15
2012,01,2012-01,3.580917915392471,NA,NA,NA,Area (10^6 km^2),Monthly North Pacific High Area,NA,NA,NA,1,-01-15
2012,02,2012-02,5.230870090334441,NA,NA,NA,Area (10^6 km^2),Monthly North Pacific High Area,NA,NA,NA,1,-02-15
2012,03,2012-03,4.7291511429489566,NA,NA,NA,Area (10^6 km^2),Monthly North Pacific High Area,NA,NA,NA,1,-03-15
2012,04,2012-04,5.354698867630475,NA,NA,NA,Area (10^6 km^2),Monthly North Pacific High Area,NA,NA,NA,1,-04-15
2012,05,2012-05,6.5438130635192335,NA,NA,NA,Area (10^6 km^2),Monthly North Pacific High Area,NA,NA,NA,1,-05-15
2012,06,2012-06,5.756925348219507,NA,NA,NA,Area (10^6 km^2),Monthly North Pacific High Area,NA,NA,NA,1,-06-15
2012,07,2012-07,5.548882605460809,NA,NA,NA,Area (10^6 km^2),Monthly North Pacific High Area,NA,NA,NA,1,-07-15
2012,08,2012-08,4.815060919475262,NA,NA,NA,Area (10^6 km^2),Monthly North Pacific High Area,NA,NA,NA,1,-08-15
2012,09,2012-09,5.15178801637649,NA,NA,NA,Area (10^6 km^2),Monthly North Pacific High Area,NA,NA,NA,1,-09-15
2012,10,2012-10,0.5928897170170492,NA,NA,NA,Area (10^6 km^2),Monthly North Pacific High Area,NA,NA,NA,1,-10-15
2012,11,2012-11,1.677481821002326,NA,NA,NA,Area (10^6 km^2),Monthly North Pacific High Area,NA,NA,NA,1,-11-15
2012,12,2012-12,4.595301563249371,NA,NA,NA,Area (10^6 km^2),Monthly North Pacific High Area,NA,NA,NA,1,-12-15
2013,01,2013-01,4.513039563123364,NA,NA,NA,Area (10^6 km^2),Monthly North Pacific High Area,NA,NA,NA,1,-01-15
2013,02,2013-02,7.093582730876436,NA,NA,NA,Area (10^6 km^2),Monthly North Pacific High Area,NA,NA,NA,1,-02-15
2013,03,2013-03,2.912810316053328,NA,NA,NA,Area (10^6 km^2),Monthly North Pacific High Area,NA,NA,NA,1,-03-15
2013,04,2013-04,4.78293047952615,NA,NA,NA,Area (10^6 km^2),Monthly North Pacific High Area,NA,NA,NA,1,-04-15
2013,05,2013-05,5.237368991048753,NA,NA,NA,Area (10^6 km^2),Monthly North Pacific High Area,NA,NA,NA,1,-05-15
2013,06,2013-06,5.118090005146691,NA,NA,NA,Area (10^6 km^2),Monthly North Pacific High Area,NA,NA,NA,1,-06-15
2013,07,2013-07,4.478245768248765,NA,NA,NA,Area (10^6 km^2),Monthly North Pacific High Area,NA,NA,NA,1,-07-15
2013,08,2013-08,2.54464511082502,NA,NA,NA,Area (10^6 km^2),Monthly North Pacific High Area,NA,NA,NA,1,-08-15
2013,09,2013-09,2.31289073715605,NA,NA,NA,Area (10^6 km^2),Monthly North Pacific High Area,NA,NA,NA,1,-09-15
2013,10,2013-10,2.813578684034264,NA,NA,NA,Area (10^6 km^2),Monthly North Pacific High Area,NA,NA,NA,1,-10-15
2013,11,2013-11,0.49216410989654946,NA,NA,NA,Area (10^6 km^2),Monthly North Pacific High Area,NA,NA,NA,1,-11-15
2013,12,2013-12,4.477802924544166,NA,NA,NA,Area (10^6 km^2),Monthly North Pacific High Area,NA,NA,NA,1,-12-15
2014,01,2014-01,1.657740138387593,NA,NA,NA,Area (10^6 km^2),Monthly North Pacific High Area,NA,NA,NA,1,-01-15
2014,02,2014-02,0.1395149124504198,NA,NA,NA,Area (10^6 km^2),Monthly North Pacific High Area,NA,NA,NA,1,-02-15
2014,03,2014-03,1.520483667303036,NA,NA,NA,Area (10^6 km^2),Monthly North Pacific High Area,NA,NA,NA,1,-03-15
2014,04,2014-04,5.27300499958381,NA,NA,NA,Area (10^6 km^2),Monthly North Pacific High Area,NA,NA,NA,1,-04-15
2014,05,2014-05,4.328002771178004,NA,NA,NA,Area (10^6 km^2),Monthly North Pacific High Area,NA,NA,NA,1,-05-15
2014,06,2014-06,4.922802140308061,NA,NA,NA,Area (10^6 km^2),Monthly North Pacific High Area,NA,NA,NA,1,-06-15
2014,07,2014-07,4.729219009642695,NA,NA,NA,Area (10^6 km^2),Monthly North Pacific High Area,NA,NA,NA,1,-07-15
2014,08,2014-08,3.4912579142452005,NA,NA,NA,Area (10^6 km^2),Monthly North Pacific High Area,NA,NA,NA,1,-08-15
2014,09,2014-09,0.1080821507196275,NA,NA,NA,Area (10^6 km^2),Monthly North Pacific High Area,NA,NA,NA,1,-09-15
2014,10,2014-10,0.07482001824335562,NA,NA,NA,Area (10^6 km^2),Monthly North Pacific High Area,NA,NA,NA,1,-10-15
2014,11,2014-11,0.2986708010752298,NA,NA,NA,Area (10^6 km^2),Monthly North Pacific High Area,NA,NA,NA,1,-11-15
2014,12,2014-12,0.0869024143887882,NA,NA,NA,Area (10^6 km^2),Monthly North Pacific High Area,NA,NA,NA,1,-12-15
2015,01,2015-01,1.1803562302094068,NA,NA,NA,Area (10^6 km^2),Monthly North Pacific High Area,NA,NA,NA,1,-01-15
2015,02,2015-02,0.02128663226768486,NA,NA,NA,Area (10^6 km^2),Monthly North Pacific High Area,NA,NA,NA,1,-02-15
2015,03,2015-03,3.564440038887265,NA,NA,NA,Area (10^6 km^2),Monthly North Pacific High Area,NA,NA,NA,1,-03-15
2015,04,2015-04,6.390118053353172,NA,NA,NA,Area (10^6 km^2),Monthly North Pacific High Area,NA,NA,NA,1,-04-15
2015,05,2015-05,5.084904253008077,NA,NA,NA,Area (10^6 km^2),Monthly North Pacific High Area,NA,NA,NA,1,-05-15
2015,06,2015-06,3.0375151406247287,NA,NA,NA,Area (10^6 km^2),Monthly North Pacific High Area,NA,NA,NA,1,-06-15
2015,07,2015-07,1.4528396846833118,NA,NA,NA,Area (10^6 km^2),Monthly North Pacific High Area,NA,NA,NA,1,-07-15
2015,08,2015-08,1.55980919524472,NA,NA,NA,Area (10^6 km^2),Monthly North Pacific High Area,NA,NA,NA,1,-08-15
2015,09,2015-09,4.106767295472526,NA,NA,NA,Area (10^6 km^2),Monthly North Pacific High Area,NA,NA,NA,1,-09-15
2015,10,2015-10,0.07214374264535046,NA,NA,NA,Area (10^6 km^2),Monthly North Pacific High Area,NA,NA,NA,1,-10-15
2015,11,2015-11,5.559171657928412,NA,NA,NA,Area (10^6 km^2),Monthly North Pacific High Area,NA,NA,NA,1,-11-15
2015,12,2015-12,0.05321658066921296,NA,NA,NA,Area (10^6 km^2),Monthly North Pacific High Area,NA,NA,NA,1,-12-15
2016,01,2016-01,0,NA,NA,NA,Area (10^6 km^2),Monthly North Pacific High Area,NA,NA,NA,1,-01-15
2016,02,2016-02,1.382660184664827,NA,NA,NA,Area (10^6 km^2),Monthly North Pacific High Area,NA,NA,NA,1,-02-15
2016,03,2016-03,1.3833050356165149,NA,NA,NA,Area (10^6 km^2),Monthly North Pacific High Area,NA,NA,NA,1,-03-15
2016,04,2016-04,5.006143500172857,NA,NA,NA,Area (10^6 km^2),Monthly North Pacific High Area,NA,NA,NA,1,-04-15
2016,05,2016-05,0.597629699942548,NA,NA,NA,Area (10^6 km^2),Monthly North Pacific High Area,NA,NA,NA,1,-05-15
2016,06,2016-06,4.914966491743718,NA,NA,NA,Area (10^6 km^2),Monthly North Pacific High Area,NA,NA,NA,1,-06-15
2016,07,2016-07,5.015300458664306,NA,NA,NA,Area (10^6 km^2),Monthly North Pacific High Area,NA,NA,NA,1,-07-15
2016,08,2016-08,1.557465933445591,NA,NA,NA,Area (10^6 km^2),Monthly North Pacific High Area,NA,NA,NA,1,-08-15
2016,09,2016-09,0,NA,NA,NA,Area (10^6 km^2),Monthly North Pacific High Area,NA,NA,NA,1,-09-15
2016,10,2016-10,1.046748490849156,NA,NA,NA,Area (10^6 km^2),Monthly North Pacific High Area,NA,NA,NA,1,-10-15
2016,11,2016-11,3.4738870380173,NA,NA,NA,Area (10^6 km^2),Monthly North Pacific High Area,NA,NA,NA,1,-11-15
2016,12,2016-12,5.090183471174058,NA,NA,NA,Area (10^6 km^2),Monthly North Pacific High Area,NA,NA,NA,1,-12-15
2017,01,2017-01,0.5926856193470529,NA,NA,NA,Area (10^6 km^2),Monthly North Pacific High Area,NA,NA,NA,1,-01-15
2017,02,2017-02,0,NA,NA,NA,Area (10^6 km^2),Monthly North Pacific High Area,NA,NA,NA,1,-02-15
2017,03,2017-03,3.197726265175286,NA,NA,NA,Area (10^6 km^2),Monthly North Pacific High Area,NA,NA,NA,1,-03-15
2017,04,2017-04,2.6129459503928536,NA,NA,NA,Area (10^6 km^2),Monthly North Pacific High Area,NA,NA,NA,1,-04-15
2017,05,2017-05,5.884491841129703,NA,NA,NA,Area (10^6 km^2),Monthly North Pacific High Area,NA,NA,NA,1,-05-15
2017,06,2017-06,4.158593415379945,NA,NA,NA,Area (10^6 km^2),Monthly North Pacific High Area,NA,NA,NA,1,-06-15
2017,07,2017-07,5.34341315667002,NA,NA,NA,Area (10^6 km^2),Monthly North Pacific High Area,NA,NA,NA,1,-07-15
2017,08,2017-08,4.013271899611084,NA,NA,NA,Area (10^6 km^2),Monthly North Pacific High Area,NA,NA,NA,1,-08-15
2017,09,2017-09,1.629445925759582,NA,NA,NA,Area (10^6 km^2),Monthly North Pacific High Area,NA,NA,NA,1,-09-15
2017,10,2017-10,3.822700698365395,NA,NA,NA,Area (10^6 km^2),Monthly North Pacific High Area,NA,NA,NA,1,-10-15
2017,11,2017-11,1.001391819664777,NA,NA,NA,Area (10^6 km^2),Monthly North Pacific High Area,NA,NA,NA,1,-11-15
2017,12,2017-12,1.598085963235473,NA,NA,NA,Area (10^6 km^2),Monthly North Pacific High Area,NA,NA,NA,1,-12-15
2018,01,2018-01,2.066718447296713,NA,NA,NA,Area (10^6 km^2),Monthly North Pacific High Area,NA,NA,NA,1,-01-15
2018,02,2018-02,5.29773155266823,NA,NA,NA,Area (10^6 km^2),Monthly North Pacific High Area,NA,NA,NA,1,-02-15
2018,03,2018-03,1.7283091966060251,NA,NA,NA,Area (10^6 km^2),Monthly North Pacific High Area,NA,NA,NA,1,-03-15
2018,04,2018-04,3.9212179756245806,NA,NA,NA,Area (10^6 km^2),Monthly North Pacific High Area,NA,NA,NA,1,-04-15
2018,05,2018-05,5.587382108072848,NA,NA,NA,Area (10^6 km^2),Monthly North Pacific High Area,NA,NA,NA,1,-05-15
2018,06,2018-06,5.223221746900073,NA,NA,NA,Area (10^6 km^2),Monthly North Pacific High Area,NA,NA,NA,1,-06-15
2018,07,2018-07,5.23274561862549,NA,NA,NA,Area (10^6 km^2),Monthly North Pacific High Area,NA,NA,NA,1,-07-15
2018,08,2018-08,4.431838965897987,NA,NA,NA,Area (10^6 km^2),Monthly North Pacific High Area,NA,NA,NA,1,-08-15
2018,09,2018-09,2.7946396252669388,NA,NA,NA,Area (10^6 km^2),Monthly North Pacific High Area,NA,NA,NA,1,-09-15
2018,10,2018-10,0.9715145171828088,NA,NA,NA,Area (10^6 km^2),Monthly North Pacific High Area,NA,NA,NA,1,-10-15
2018,11,2018-11,2.264051706838338,NA,NA,NA,Area (10^6 km^2),Monthly North Pacific High Area,NA,NA,NA,1,-11-15
2018,12,2018-12,3.926577183983934,NA,NA,NA,Area (10^6 km^2),Monthly North Pacific High Area,NA,NA,NA,1,-12-15
2019,01,2019-01,0.3058383081679071,NA,NA,NA,Area (10^6 km^2),Monthly North Pacific High Area,NA,NA,NA,1,-01-15
2019,02,2019-02,2.6857903239686776,NA,NA,NA,Area (10^6 km^2),Monthly North Pacific High Area,NA,NA,NA,1,-02-15
2019,03,2019-03,1.703695440387411,NA,NA,NA,Area (10^6 km^2),Monthly North Pacific High Area,NA,NA,NA,1,-03-15
2019,04,2019-04,5.656623003176912,NA,NA,NA,Area (10^6 km^2),Monthly North Pacific High Area,NA,NA,NA,1,-04-15
2019,05,2019-05,3.258728494996627,NA,NA,NA,Area (10^6 km^2),Monthly North Pacific High Area,NA,NA,NA,1,-05-15
2019,06,2019-06,4.709911588745806,NA,NA,NA,Area (10^6 km^2),Monthly North Pacific High Area,NA,NA,NA,1,-06-15
2019,07,2019-07,5.3846107834061625,NA,NA,NA,Area (10^6 km^2),Monthly North Pacific High Area,NA,NA,NA,1,-07-15
2019,08,2019-08,1.2723873025474568,NA,NA,NA,Area (10^6 km^2),Monthly North Pacific High Area,NA,NA,NA,1,-08-15
2019,09,2019-09,3.77087271682982,NA,NA,NA,Area (10^6 km^2),Monthly North Pacific High Area,NA,NA,NA,1,-09-15
2019,10,2019-10,3.07180451710388,NA,NA,NA,Area (10^6 km^2),Monthly North Pacific High Area,NA,NA,NA,1,-10-15
2019,11,2019-11,1.638273702608847,NA,NA,NA,Area (10^6 km^2),Monthly North Pacific High Area,NA,NA,NA,1,-11-15
2019,12,2019-12,2.5805432800162977,NA,NA,NA,Area (10^6 km^2),Monthly North Pacific High Area,NA,NA,NA,1,-12-15
2020,01,2020-01,5.214363536044026,NA,NA,NA,Area (10^6 km^2),Monthly North Pacific High Area,NA,NA,NA,1,-01-15
2020,02,2020-02,6.389755587459246,NA,NA,NA,Area (10^6 km^2),Monthly North Pacific High Area,NA,NA,NA,1,-02-15
2020,03,2020-03,6.871704075835255,NA,NA,NA,Area (10^6 km^2),Monthly North Pacific High Area,NA,NA,NA,1,-03-15
2020,04,2020-04,4.710316151956606,NA,NA,NA,Area (10^6 km^2),Monthly North Pacific High Area,NA,NA,NA,1,-04-15
2020,05,2020-05,3.950318453944997,NA,NA,NA,Area (10^6 km^2),Monthly North Pacific High Area,NA,NA,NA,1,-05-15
2020,06,2020-06,5.771728919503796,NA,NA,NA,Area (10^6 km^2),Monthly North Pacific High Area,NA,NA,NA,1,-06-15
2020,07,2020-07,4.971569540874751,NA,NA,NA,Area (10^6 km^2),Monthly North Pacific High Area,NA,NA,NA,1,-07-15
2020,08,2020-08,4.161644029619274,NA,NA,NA,Area (10^6 km^2),Monthly North Pacific High Area,NA,NA,NA,1,-08-15
2020,09,2020-09,0.314308260907255,NA,NA,NA,Area (10^6 km^2),Monthly North Pacific High Area,NA,NA,NA,1,-09-15
2020,10,2020-10,2.46274786813666,NA,NA,NA,Area (10^6 km^2),Monthly North Pacific High Area,NA,NA,NA,1,-10-15
2020,11,2020-11,5.812599669391146,NA,NA,NA,Area (10^6 km^2),Monthly North Pacific High Area,NA,NA,NA,1,-11-15
2020,12,2020-12,4.222707724668315,NA,NA,NA,Area (10^6 km^2),Monthly North Pacific High Area,NA,NA,NA,1,-12-15
2021,01,2021-01,4.33282807753898,NA,NA,NA,Area (10^6 km^2),Monthly North Pacific High Area,NA,NA,NA,1,-01-15
2021,02,2021-02,5.842322105186408,NA,NA,NA,Area (10^6 km^2),Monthly North Pacific High Area,NA,NA,NA,1,-02-15
2021,03,2021-03,7.229693920234019,NA,NA,NA,Area (10^6 km^2),Monthly North Pacific High Area,NA,NA,NA,1,-03-15
2021,04,2021-04,5.070624950572835,NA,NA,NA,Area (10^6 km^2),Monthly North Pacific High Area,NA,NA,NA,1,-04-15
2021,05,2021-05,6.432502306620665,NA,NA,NA,Area (10^6 km^2),Monthly North Pacific High Area,NA,NA,NA,1,-05-15
2021,06,2021-06,4.922949929038038,NA,NA,NA,Area (10^6 km^2),Monthly North Pacific High Area,NA,NA,NA,1,-06-15
2021,07,2021-07,5.388305646335429,NA,NA,NA,Area (10^6 km^2),Monthly North Pacific High Area,NA,NA,NA,1,-07-15
2021,08,2021-08,4.498359518633849,NA,NA,NA,Area (10^6 km^2),Monthly North Pacific High Area,NA,NA,NA,1,-08-15
2021,09,2021-09,4.306178187337639,NA,NA,NA,Area (10^6 km^2),Monthly North Pacific High Area,NA,NA,NA,1,-09-15
2021,10,2021-10,3.606787598025889,NA,NA,NA,Area (10^6 km^2),Monthly North Pacific High Area,NA,NA,NA,1,-10-15
2021,11,2021-11,2.462705004136316,NA,NA,NA,Area (10^6 km^2),Monthly North Pacific High Area,NA,NA,NA,1,-11-15
2021,12,2021-12,4.125856499493205,NA,NA,NA,Area (10^6 km^2),Monthly North Pacific High Area,NA,NA,NA,1,-12-15
2022,01,2022-01,2.423105161273218,NA,NA,NA,Area (10^6 km^2),Monthly North Pacific High Area,NA,NA,NA,1,-01-15
2022,02,2022-02,5.110058959625051,NA,NA,NA,Area (10^6 km^2),Monthly North Pacific High Area,NA,NA,NA,1,-02-15
2022,03,2022-03,0,NA,NA,NA,Area (10^6 km^2),Monthly North Pacific High Area,NA,NA,NA,1,-03-15
2022,04,2022-04,6.233865013456849,NA,NA,NA,Area (10^6 km^2),Monthly North Pacific High Area,NA,NA,NA,1,-04-15
2022,05,2022-05,5.678250639091756,NA,NA,NA,Area (10^6 km^2),Monthly North Pacific High Area,NA,NA,NA,1,-05-15
2022,06,2022-06,4.09632587633848,NA,NA,NA,Area (10^6 km^2),Monthly North Pacific High Area,NA,NA,NA,1,-06-15
2022,07,2022-07,5.448067856602556,NA,NA,NA,Area (10^6 km^2),Monthly North Pacific High Area,NA,NA,NA,1,-07-15
2022,08,2022-08,3.750910864560549,NA,NA,NA,Area (10^6 km^2),Monthly North Pacific High Area,NA,NA,NA,1,-08-15
2022,09,2022-09,0.255870690980136,NA,NA,NA,Area (10^6 km^2),Monthly North Pacific High Area,NA,NA,NA,1,-09-15
2022,10,2022-10,1.354263336672007,NA,NA,NA,Area (10^6 km^2),Monthly North Pacific High Area,NA,NA,NA,1,-10-15
2022,11,2022-11,5.514052310089146,NA,NA,NA,Area (10^6 km^2),Monthly North Pacific High Area,NA,NA,NA,1,-11-15
2022,12,2022-12,0.424423221325435,NA,NA,NA,Area (10^6 km^2),Monthly North Pacific High Area,NA,NA,NA,1,-12-15
2023,01,2023-01,0.9513498692458778,NA,NA,NA,Area (10^6 km^2),Monthly North Pacific High Area,NA,NA,NA,1,-01-15
2023,02,2023-02,7.022745405113738,NA,NA,NA,Area (10^6 km^2),Monthly North Pacific High Area,NA,NA,NA,1,-02-15
2023,03,2023-03,2.8127825158396043,NA,NA,NA,Area (10^6 km^2),Monthly North Pacific High Area,NA,NA,NA,1,-03-15
2023,04,2023-04,5.7633116195664105,NA,NA,NA,Area (10^6 km^2),Monthly North Pacific High Area,NA,NA,NA,1,-04-15
2023,05,2023-05,4.936718628742854,NA,NA,NA,Area (10^6 km^2),Monthly North Pacific High Area,NA,NA,NA,1,-05-15
2023,06,2023-06,5.614160770631622,NA,NA,NA,Area (10^6 km^2),Monthly North Pacific High Area,NA,NA,NA,1,-06-15
2023,07,2023-07,5.382974932009972,NA,NA,NA,Area (10^6 km^2),Monthly North Pacific High Area,NA,NA,NA,1,-07-15
2023,08,2023-08,4.66735475720836,NA,NA,NA,Area (10^6 km^2),Monthly North Pacific High Area,NA,NA,NA,1,-08-15
2023,09,2023-09,3.701132854725448,NA,NA,NA,Area (10^6 km^2),Monthly North Pacific High Area,NA,NA,NA,1,-09-15
2023,10,2023-10,0.0964136659810498,NA,NA,NA,Area (10^6 km^2),Monthly North Pacific High Area,NA,NA,NA,1,-10-15
2023,11,2023-11,2.163235062838089,NA,NA,NA,Area (10^6 km^2),Monthly North Pacific High Area,NA,NA,NA,1,-11-15
2023,12,2023-12,0.03245141274792756,NA,NA,NA,Area (10^6 km^2),Monthly North Pacific High Area,NA,NA,NA,1,-12-15
2024,01,2024-01,0.8654358857879825,NA,NA,NA,Area (10^6 km^2),Monthly North Pacific High Area,NA,NA,NA,1,-01-15
2024,02,2024-02,2.4103999432083367,NA,NA,NA,Area (10^6 km^2),Monthly North Pacific High Area,NA,NA,NA,1,-02-15
2024,03,2024-03,5.143314111512511,NA,NA,NA,Area (10^6 km^2),Monthly North Pacific High Area,NA,NA,NA,1,-03-15
2024,04,2024-04,6.864892477222895,NA,NA,NA,Area (10^6 km^2),Monthly North Pacific High Area,NA,NA,NA,1,-04-15
2024,05,2024-05,6.153610330301351,NA,NA,NA,Area (10^6 km^2),Monthly North Pacific High Area,NA,NA,NA,1,-05-15
2024,06,2024-06,4.798158607573473,NA,NA,NA,Area (10^6 km^2),Monthly North Pacific High Area,NA,NA,NA,1,-06-15
2024,07,2024-07,5.015729809441491,NA,NA,NA,Area (10^6 km^2),Monthly North Pacific High Area,NA,NA,NA,1,-07-15
2024,08,2024-08,4.872877448517355,NA,NA,NA,Area (10^6 km^2),Monthly North Pacific High Area,NA,NA,NA,1,-08-15
2024,09,2024-09,1.6302030669488758,NA,NA,NA,Area (10^6 km^2),Monthly North Pacific High Area,NA,NA,NA,1,-09-15
2024,10,2024-10,3.215776552320155,NA,NA,NA,Area (10^6 km^2),Monthly North Pacific High Area,NA,NA,NA,1,-10-15
2024,11,2024-11,3.2981672660775176,NA,NA,NA,Area (10^6 km^2),Monthly North Pacific High Area,NA,NA,NA,1,-11-15
2024,12,2024-12,1.913425285834857,NA,NA,NA,Area (10^6 km^2),Monthly North Pacific High Area,NA,NA,NA,1,-12-15
2025,01,2025-01,3.7530057552076106,NA,NA,NA,Area (10^6 km^2),Monthly North Pacific High Area,NA,NA,NA,1,-01-15
2025,02,2025-02,1.838242790344954,NA,NA,NA,Area (10^6 km^2),Monthly North Pacific High Area,NA,NA,NA,1,-02-15
2025,03,2025-03,5.689851879665529,NA,NA,NA,Area (10^6 km^2),Monthly North Pacific High Area,NA,NA,NA,1,-03-15
2025,04,2025-04,6.440119727071222,NA,NA,NA,Area (10^6 km^2),Monthly North Pacific High Area,NA,NA,NA,1,-04-15
2025,05,2025-05,6.479200895460945,NA,NA,NA,Area (10^6 km^2),Monthly North Pacific High Area,NA,NA,NA,1,-05-15
2025,06,2025-06,5.740274053412552,NA,NA,NA,Area (10^6 km^2),Monthly North Pacific High Area,NA,NA,NA,1,-06-15
2025,07,2025-07,5.719371408199277,NA,NA,NA,Area (10^6 km^2),Monthly North Pacific High Area,NA,NA,NA,1,-07-15
2025,08,2025-08,5.296191338486725,NA,NA,NA,Area (10^6 km^2),Monthly North Pacific High Area,NA,NA,NA,1,-08-15
2025,09,2025-09,2.022621308400963,NA,NA,NA,Area (10^6 km^2),Monthly North Pacific High Area,NA,NA,NA,1,-09-15
2025,10,2025-10,3.762128950975419,NA,NA,NA,Area (10^6 km^2),Monthly North Pacific High Area,NA,NA,NA,1,-10-15
2025,11,2025-11,1.901615588254288,NA,NA,NA,Area (10^6 km^2),Monthly North Pacific High Area,NA,NA,NA,1,-11-15
2025,12,2025-12,0.7816024850120639,NA,NA,NA,Area (10^6 km^2),Monthly North Pacific High Area,NA,NA,NA,1,-12-15
