time,year,month,index,station,timeseries,metric
5/1/1996,1996,5,0.33326484,NH05,SouthernBiomassAnomaly,mg C -m3
5/1/1996,1996,5,-1.208430077,NH05,NorthernBiomassAnomaly,mg C -m3
6/1/1996,1996,6,0.138362267,NH05,SouthernBiomassAnomaly,mg C -m3
6/1/1996,1996,6,-0.631284128,NH05,NorthernBiomassAnomaly,mg C -m3
7/1/1996,1996,7,-0.111726507,NH05,SouthernBiomassAnomaly,mg C -m3
7/1/1996,1996,7,-0.027915575,NH05,NorthernBiomassAnomaly,mg C -m3
8/1/1996,1996,8,-0.027269189,NH05,SouthernBiomassAnomaly,mg C -m3
8/1/1996,1996,8,-0.314190613,NH05,NorthernBiomassAnomaly,mg C -m3
9/1/1996,1996,9,0.018522184,NH05,SouthernBiomassAnomaly,mg C -m3
9/1/1996,1996,9,0.16235364,NH05,NorthernBiomassAnomaly,mg C -m3
10/1/1996,1996,10,-0.084084579,NH05,SouthernBiomassAnomaly,mg C -m3
10/1/1996,1996,10,0.305270402,NH05,NorthernBiomassAnomaly,mg C -m3
11/1/1996,1996,11,-0.028217816,NH05,SouthernBiomassAnomaly,mg C -m3
11/1/1996,1996,11,0.134715517,NH05,NorthernBiomassAnomaly,mg C -m3
12/1/1996,1996,12,-0.049338222,NH05,SouthernBiomassAnomaly,mg C -m3
12/1/1996,1996,12,0.361677333,NH05,NorthernBiomassAnomaly,mg C -m3
2/1/1997,1997,2,-0.001584294,NH05,SouthernBiomassAnomaly,mg C -m3
2/1/1997,1997,2,0.137422634,NH05,NorthernBiomassAnomaly,mg C -m3
3/1/1997,1997,3,-0.10394297,NH05,SouthernBiomassAnomaly,mg C -m3
3/1/1997,1997,3,0.356087654,NH05,NorthernBiomassAnomaly,mg C -m3
4/1/1997,1997,4,0.077709524,NH05,SouthernBiomassAnomaly,mg C -m3
4/1/1997,1997,4,-0.203671329,NH05,NorthernBiomassAnomaly,mg C -m3
5/1/1997,1997,5,-0.145672197,NH05,SouthernBiomassAnomaly,mg C -m3
5/1/1997,1997,5,0.061392146,NH05,NorthernBiomassAnomaly,mg C -m3
6/1/1997,1997,6,-0.118548844,NH05,SouthernBiomassAnomaly,mg C -m3
6/1/1997,1997,6,-0.938050795,NH05,NorthernBiomassAnomaly,mg C -m3
7/1/1997,1997,7,0.073034604,NH05,SouthernBiomassAnomaly,mg C -m3
7/1/1997,1997,7,-0.418492241,NH05,NorthernBiomassAnomaly,mg C -m3
8/1/1997,1997,8,0.197927107,NH05,SouthernBiomassAnomaly,mg C -m3
8/1/1997,1997,8,-0.409529502,NH05,NorthernBiomassAnomaly,mg C -m3
9/1/1997,1997,9,0.400049962,NH05,SouthernBiomassAnomaly,mg C -m3
9/1/1997,1997,9,-0.72789636,NH05,NorthernBiomassAnomaly,mg C -m3
10/1/1997,1997,10,0.304809866,NH05,SouthernBiomassAnomaly,mg C -m3
10/1/1997,1997,10,-1.129796264,NH05,NorthernBiomassAnomaly,mg C -m3
11/1/1997,1997,11,0.232737739,NH05,SouthernBiomassAnomaly,mg C -m3
11/1/1997,1997,11,-0.542567816,NH05,NorthernBiomassAnomaly,mg C -m3
12/1/1997,1997,12,-0.010093778,NH05,SouthernBiomassAnomaly,mg C -m3
12/1/1997,1997,12,-0.730156,NH05,NorthernBiomassAnomaly,mg C -m3
1/1/1998,1998,1,0.113964991,NH05,SouthernBiomassAnomaly,mg C -m3
1/1/1998,1998,1,-0.755078042,NH05,NorthernBiomassAnomaly,mg C -m3
3/1/1998,1998,3,0.22125703,NH05,SouthernBiomassAnomaly,mg C -m3
3/1/1998,1998,3,-0.852629012,NH05,NorthernBiomassAnomaly,mg C -m3
4/1/1998,1998,4,0.214987302,NH05,SouthernBiomassAnomaly,mg C -m3
4/1/1998,1998,4,-0.980862996,NH05,NorthernBiomassAnomaly,mg C -m3
5/1/1998,1998,5,0.396987063,NH05,SouthernBiomassAnomaly,mg C -m3
5/1/1998,1998,5,-0.889780077,NH05,NorthernBiomassAnomaly,mg C -m3
6/1/1998,1998,6,0.57042523,NH05,SouthernBiomassAnomaly,mg C -m3
6/1/1998,1998,6,-1.195050795,NH05,NorthernBiomassAnomaly,mg C -m3
7/1/1998,1998,7,0.697645715,NH05,SouthernBiomassAnomaly,mg C -m3
7/1/1998,1998,7,-0.480265575,NH05,NorthernBiomassAnomaly,mg C -m3
8/1/1998,1998,8,0.701073404,NH05,SouthernBiomassAnomaly,mg C -m3
8/1/1998,1998,8,-0.930040613,NH05,NorthernBiomassAnomaly,mg C -m3
9/1/1998,1998,9,0.531055517,NH05,SouthernBiomassAnomaly,mg C -m3
9/1/1998,1998,9,-0.14642136,NH05,NorthernBiomassAnomaly,mg C -m3
10/1/1998,1998,10,0.149587644,NH05,SouthernBiomassAnomaly,mg C -m3
10/1/1998,1998,10,-0.260196264,NH05,NorthernBiomassAnomaly,mg C -m3
11/1/1998,1998,11,0.148393295,NH05,SouthernBiomassAnomaly,mg C -m3
11/1/1998,1998,11,0.263915517,NH05,NorthernBiomassAnomaly,mg C -m3
12/1/1998,1998,12,-0.185716,NH05,SouthernBiomassAnomaly,mg C -m3
12/1/1998,1998,12,-0.499922667,NH05,NorthernBiomassAnomaly,mg C -m3
2/1/1999,1999,2,-0.069839849,NH05,SouthernBiomassAnomaly,mg C -m3
2/1/1999,1999,2,0.3984893,NH05,NorthernBiomassAnomaly,mg C -m3
3/1/1999,1999,3,-0.086165192,NH05,SouthernBiomassAnomaly,mg C -m3
3/1/1999,1999,3,-0.578679012,NH05,NorthernBiomassAnomaly,mg C -m3
4/1/1999,1999,4,-0.08801455,NH05,SouthernBiomassAnomaly,mg C -m3
4/1/1999,1999,4,-0.479915774,NH05,NorthernBiomassAnomaly,mg C -m3
5/1/1999,1999,5,-0.218074049,NH05,SouthernBiomassAnomaly,mg C -m3
5/1/1999,1999,5,0.165769923,NH05,NorthernBiomassAnomaly,mg C -m3
6/1/1999,1999,6,-0.254515511,NH05,SouthernBiomassAnomaly,mg C -m3
6/1/1999,1999,6,0.339782538,NH05,NorthernBiomassAnomaly,mg C -m3
7/1/1999,1999,7,-0.190436507,NH05,SouthernBiomassAnomaly,mg C -m3
7/1/1999,1999,7,-0.195878908,NH05,NorthernBiomassAnomaly,mg C -m3
8/1/1999,1999,8,-0.238663633,NH05,SouthernBiomassAnomaly,mg C -m3
8/1/1999,1999,8,-0.007190613,NH05,NorthernBiomassAnomaly,mg C -m3
9/1/1999,1999,9,-0.353772261,NH05,SouthernBiomassAnomaly,mg C -m3
9/1/1999,1999,9,0.084286973,NH05,NorthernBiomassAnomaly,mg C -m3
10/1/1999,1999,10,-0.271456801,NH05,SouthernBiomassAnomaly,mg C -m3
10/1/1999,1999,10,0.564403736,NH05,NorthernBiomassAnomaly,mg C -m3
11/1/1999,1999,11,-0.660373372,NH05,SouthernBiomassAnomaly,mg C -m3
11/1/1999,1999,11,-0.010751149,NH05,NorthernBiomassAnomaly,mg C -m3
12/1/1999,1999,12,-0.236949333,NH05,SouthernBiomassAnomaly,mg C -m3
12/1/1999,1999,12,0.336944,NH05,NorthernBiomassAnomaly,mg C -m3
1/1/2000,2000,1,-0.39734612,NH05,SouthernBiomassAnomaly,mg C -m3
1/1/2000,2000,1,0.270721958,NH05,NorthernBiomassAnomaly,mg C -m3
2/1/2000,2000,2,-0.295962071,NH05,SouthernBiomassAnomaly,mg C -m3
2/1/2000,2000,2,-0.2216607,NH05,NorthernBiomassAnomaly,mg C -m3
3/1/2000,2000,3,-0.393620748,NH05,SouthernBiomassAnomaly,mg C -m3
3/1/2000,2000,3,-0.617612346,NH05,NorthernBiomassAnomaly,mg C -m3
4/1/2000,2000,4,-0.414196032,NH05,SouthernBiomassAnomaly,mg C -m3
4/1/2000,2000,4,0.18571756,NH05,NorthernBiomassAnomaly,mg C -m3
5/1/2000,2000,5,-0.363668493,NH05,SouthernBiomassAnomaly,mg C -m3
5/1/2000,2000,5,-0.081730077,NH05,NorthernBiomassAnomaly,mg C -m3
6/1/2000,2000,6,-0.244406622,NH05,SouthernBiomassAnomaly,mg C -m3
6/1/2000,2000,6,-0.246210795,NH05,NorthernBiomassAnomaly,mg C -m3
7/1/2000,2000,7,-0.225332063,NH05,SouthernBiomassAnomaly,mg C -m3
7/1/2000,2000,7,0.137501092,NH05,NorthernBiomassAnomaly,mg C -m3
8/1/2000,2000,8,-0.1327803,NH05,SouthernBiomassAnomaly,mg C -m3
8/1/2000,2000,8,0.24134272,NH05,NorthernBiomassAnomaly,mg C -m3
9/1/2000,2000,9,-0.169603742,NH05,SouthernBiomassAnomaly,mg C -m3
9/1/2000,2000,9,0.822992529,NH05,NorthernBiomassAnomaly,mg C -m3
10/1/2000,2000,10,-0.353090134,NH05,SouthernBiomassAnomaly,mg C -m3
10/1/2000,2000,10,0.498370402,NH05,NorthernBiomassAnomaly,mg C -m3
11/1/2000,2000,11,-0.342473372,NH05,SouthernBiomassAnomaly,mg C -m3
11/1/2000,2000,11,0.090515517,NH05,NorthernBiomassAnomaly,mg C -m3
12/1/2000,2000,12,-0.060360444,NH05,SouthernBiomassAnomaly,mg C -m3
12/1/2000,2000,12,0.270177333,NH05,NorthernBiomassAnomaly,mg C -m3
1/1/2001,2001,1,-0.070968342,NH05,SouthernBiomassAnomaly,mg C -m3
1/1/2001,2001,1,0.058138624,NH05,NorthernBiomassAnomaly,mg C -m3
2/1/2001,2001,2,-0.183567627,NH05,SouthernBiomassAnomaly,mg C -m3
2/1/2001,2001,2,-0.032794033,NH05,NorthernBiomassAnomaly,mg C -m3
3/1/2001,2001,3,-0.146920748,NH05,SouthernBiomassAnomaly,mg C -m3
3/1/2001,2001,3,-0.066012346,NH05,NorthernBiomassAnomaly,mg C -m3
4/1/2001,2001,4,-0.350103439,NH05,SouthernBiomassAnomaly,mg C -m3
4/1/2001,2001,4,0.042862004,NH05,NorthernBiomassAnomaly,mg C -m3
5/1/2001,2001,5,-0.354374049,NH05,SouthernBiomassAnomaly,mg C -m3
5/1/2001,2001,5,0.059269923,NH05,NorthernBiomassAnomaly,mg C -m3
6/1/2001,2001,6,-0.233323844,NH05,SouthernBiomassAnomaly,mg C -m3
6/1/2001,2001,6,0.046190872,NH05,NorthernBiomassAnomaly,mg C -m3
7/1/2001,2001,7,-0.192562618,NH05,SouthernBiomassAnomaly,mg C -m3
7/1/2001,2001,7,0.106876092,NH05,NorthernBiomassAnomaly,mg C -m3
8/1/2001,2001,8,-0.130671041,NH05,SouthernBiomassAnomaly,mg C -m3
8/1/2001,2001,8,0.177859387,NH05,NorthernBiomassAnomaly,mg C -m3
9/1/2001,2001,9,-0.264369483,NH05,SouthernBiomassAnomaly,mg C -m3
9/1/2001,2001,9,0.210361973,NH05,NorthernBiomassAnomaly,mg C -m3
10/1/2001,2001,10,-0.297951245,NH05,SouthernBiomassAnomaly,mg C -m3
10/1/2001,2001,10,0.586837069,NH05,NorthernBiomassAnomaly,mg C -m3
11/1/2001,2001,11,-0.197795594,NH05,SouthernBiomassAnomaly,mg C -m3
11/1/2001,2001,11,0.718998851,NH05,NorthernBiomassAnomaly,mg C -m3
1/1/2002,2002,1,0.105731658,NH05,SouthernBiomassAnomaly,mg C -m3
1/1/2002,2002,1,0.336938624,NH05,NorthernBiomassAnomaly,mg C -m3
2/1/2002,2002,2,0.027326818,NH05,SouthernBiomassAnomaly,mg C -m3
2/1/2002,2002,2,-0.2328107,NH05,NorthernBiomassAnomaly,mg C -m3
3/1/2002,2002,3,-0.08001334,NH05,SouthernBiomassAnomaly,mg C -m3
3/1/2002,2002,3,0.28424321,NH05,NorthernBiomassAnomaly,mg C -m3
4/1/2002,2002,4,-0.149877513,NH05,SouthernBiomassAnomaly,mg C -m3
4/1/2002,2002,4,0.347762004,NH05,NorthernBiomassAnomaly,mg C -m3
5/1/2002,2002,5,-0.351501826,NH05,SouthernBiomassAnomaly,mg C -m3
5/1/2002,2002,5,0.782514368,NH05,NorthernBiomassAnomaly,mg C -m3
6/1/2002,2002,6,-0.236665511,NH05,SouthernBiomassAnomaly,mg C -m3
6/1/2002,2002,6,0.353720038,NH05,NorthernBiomassAnomaly,mg C -m3
7/1/2002,2002,7,-0.198645951,NH05,SouthernBiomassAnomaly,mg C -m3
7/1/2002,2002,7,0.036067759,NH05,NorthernBiomassAnomaly,mg C -m3
8/1/2002,2002,8,-0.193319189,NH05,SouthernBiomassAnomaly,mg C -m3
8/1/2002,2002,8,-0.27730728,NH05,NorthernBiomassAnomaly,mg C -m3
9/1/2002,2002,9,-0.273555594,NH05,SouthernBiomassAnomaly,mg C -m3
9/1/2002,2002,9,0.251670307,NH05,NorthernBiomassAnomaly,mg C -m3
10/1/2002,2002,10,-0.359267912,NH05,SouthernBiomassAnomaly,mg C -m3
10/1/2002,2002,10,0.880987069,NH05,NorthernBiomassAnomaly,mg C -m3
11/1/2002,2002,11,-0.039878927,NH05,SouthernBiomassAnomaly,mg C -m3
11/1/2002,2002,11,0.466198851,NH05,NorthernBiomassAnomaly,mg C -m3
12/1/2002,2002,12,0.071228444,NH05,SouthernBiomassAnomaly,mg C -m3
12/1/2002,2002,12,0.177844,NH05,NorthernBiomassAnomaly,mg C -m3
1/1/2003,2003,1,0.040342769,NH05,SouthernBiomassAnomaly,mg C -m3
1/1/2003,2003,1,-0.152844709,NH05,NorthernBiomassAnomaly,mg C -m3
2/1/2003,2003,2,0.032567558,NH05,SouthernBiomassAnomaly,mg C -m3
2/1/2003,2003,2,-0.321699588,NH05,NorthernBiomassAnomaly,mg C -m3
3/1/2003,2003,3,0.576679252,NH05,SouthernBiomassAnomaly,mg C -m3
3/1/2003,2003,3,0.204054321,NH05,NorthernBiomassAnomaly,mg C -m3
4/1/2003,2003,4,0.363829894,NH05,SouthernBiomassAnomaly,mg C -m3
4/1/2003,2003,4,0.133162004,NH05,NorthernBiomassAnomaly,mg C -m3
5/1/2003,2003,5,0.315548174,NH05,SouthernBiomassAnomaly,mg C -m3
5/1/2003,2003,5,-0.41746341,NH05,NorthernBiomassAnomaly,mg C -m3
6/1/2003,2003,6,0.033667822,NH05,SouthernBiomassAnomaly,mg C -m3
6/1/2003,2003,6,0.152332538,NH05,NorthernBiomassAnomaly,mg C -m3
7/1/2003,2003,7,0.133967937,NH05,SouthernBiomassAnomaly,mg C -m3
7/1/2003,2003,7,0.147876092,NH05,NorthernBiomassAnomaly,mg C -m3
8/1/2003,2003,8,-0.042352522,NH05,SouthernBiomassAnomaly,mg C -m3
8/1/2003,2003,8,-0.203029502,NH05,NorthernBiomassAnomaly,mg C -m3
9/1/2003,2003,9,-0.094470409,NH05,SouthernBiomassAnomaly,mg C -m3
9/1/2003,2003,9,-0.387807471,NH05,NorthernBiomassAnomaly,mg C -m3
10/1/2003,2003,10,0.097365421,NH05,SouthernBiomassAnomaly,mg C -m3
10/1/2003,2003,10,0.124403736,NH05,NorthernBiomassAnomaly,mg C -m3
11/1/2003,2003,11,-0.265184483,NH05,SouthernBiomassAnomaly,mg C -m3
11/1/2003,2003,11,-0.007784483,NH05,NorthernBiomassAnomaly,mg C -m3
1/1/2004,2004,1,0.149009436,NH05,SouthernBiomassAnomaly,mg C -m3
1/1/2004,2004,1,-0.713961376,NH05,NorthernBiomassAnomaly,mg C -m3
2/1/2004,2004,2,0.170237929,NH05,SouthernBiomassAnomaly,mg C -m3
2/1/2004,2004,2,-0.225544033,NH05,NorthernBiomassAnomaly,mg C -m3
3/1/2004,2004,3,0.27955703,NH05,SouthernBiomassAnomaly,mg C -m3
3/1/2004,2004,3,-0.441534568,NH05,NorthernBiomassAnomaly,mg C -m3
4/1/2004,2004,4,0.33042619,NH05,SouthernBiomassAnomaly,mg C -m3
4/1/2004,2004,4,0.240995337,NH05,NorthernBiomassAnomaly,mg C -m3
5/1/2004,2004,5,0.178825951,NH05,SouthernBiomassAnomaly,mg C -m3
5/1/2004,2004,5,0.484053257,NH05,NorthernBiomassAnomaly,mg C -m3
6/1/2004,2004,6,0.238331711,NH05,SouthernBiomassAnomaly,mg C -m3
6/1/2004,2004,6,0.366182538,NH05,NorthernBiomassAnomaly,mg C -m3
7/1/2004,2004,7,0.093942011,NH05,SouthernBiomassAnomaly,mg C -m3
7/1/2004,2004,7,-0.126076686,NH05,NorthernBiomassAnomaly,mg C -m3
8/1/2004,2004,8,0.254186367,NH05,SouthernBiomassAnomaly,mg C -m3
8/1/2004,2004,8,-0.038665613,NH05,NorthernBiomassAnomaly,mg C -m3
9/1/2004,2004,9,0.152963851,NH05,SouthernBiomassAnomaly,mg C -m3
9/1/2004,2004,9,-0.45727136,NH05,NorthernBiomassAnomaly,mg C -m3
10/1/2004,2004,10,0.019759866,NH05,SouthernBiomassAnomaly,mg C -m3
10/1/2004,2004,10,-0.565896264,NH05,NorthernBiomassAnomaly,mg C -m3
11/1/2004,2004,11,0.063932184,NH05,SouthernBiomassAnomaly,mg C -m3
11/1/2004,2004,11,-0.106751149,NH05,NorthernBiomassAnomaly,mg C -m3
12/1/2004,2004,12,-0.114127111,NH05,SouthernBiomassAnomaly,mg C -m3
12/1/2004,2004,12,-0.317289333,NH05,NorthernBiomassAnomaly,mg C -m3
1/1/2005,2005,1,0.411387213,NH05,SouthernBiomassAnomaly,mg C -m3
1/1/2005,2005,1,-0.494678042,NH05,NorthernBiomassAnomaly,mg C -m3
2/1/2005,2005,2,0.442610151,NH05,SouthernBiomassAnomaly,mg C -m3
2/1/2005,2005,2,-0.361327366,NH05,NorthernBiomassAnomaly,mg C -m3
3/1/2005,2005,3,0.236912586,NH05,SouthernBiomassAnomaly,mg C -m3
3/1/2005,2005,3,-0.629912346,NH05,NorthernBiomassAnomaly,mg C -m3
4/1/2005,2005,4,0.589448413,NH05,SouthernBiomassAnomaly,mg C -m3
4/1/2005,2005,4,-0.792954663,NH05,NorthernBiomassAnomaly,mg C -m3
5/1/2005,2005,5,0.600403729,NH05,SouthernBiomassAnomaly,mg C -m3
5/1/2005,2005,5,-1.15931341,NH05,NorthernBiomassAnomaly,mg C -m3
6/1/2005,2005,6,0.630432637,NH05,SouthernBiomassAnomaly,mg C -m3
6/1/2005,2005,6,-1.586939684,NH05,NorthernBiomassAnomaly,mg C -m3
7/1/2005,2005,7,0.594167937,NH05,SouthernBiomassAnomaly,mg C -m3
7/1/2005,2005,7,-1.201998908,NH05,NorthernBiomassAnomaly,mg C -m3
8/1/2005,2005,8,0.550658589,NH05,SouthernBiomassAnomaly,mg C -m3
8/1/2005,2005,8,-0.24408228,NH05,NorthernBiomassAnomaly,mg C -m3
9/1/2005,2005,9,0.255736999,NH05,SouthernBiomassAnomaly,mg C -m3
9/1/2005,2005,9,-0.067363027,NH05,NorthernBiomassAnomaly,mg C -m3
10/1/2005,2005,10,0.292498755,NH05,SouthernBiomassAnomaly,mg C -m3
10/1/2005,2005,10,0.063437069,NH05,NorthernBiomassAnomaly,mg C -m3
11/1/2005,2005,11,0.027704406,NH05,SouthernBiomassAnomaly,mg C -m3
11/1/2005,2005,11,-0.034884483,NH05,NorthernBiomassAnomaly,mg C -m3
12/1/2005,2005,12,0.041606222,NH05,SouthernBiomassAnomaly,mg C -m3
12/1/2005,2005,12,0.418544,NH05,NorthernBiomassAnomaly,mg C -m3
2/1/2006,2006,2,-0.088617627,NH05,SouthernBiomassAnomaly,mg C -m3
2/1/2006,2006,2,0.1692893,NH05,NorthernBiomassAnomaly,mg C -m3
3/1/2006,2006,3,0.10175703,NH05,SouthernBiomassAnomaly,mg C -m3
3/1/2006,2006,3,0.074354321,NH05,NorthernBiomassAnomaly,mg C -m3
4/1/2006,2006,4,-0.071770106,NH05,SouthernBiomassAnomaly,mg C -m3
4/1/2006,2006,4,-0.375715774,NH05,NorthernBiomassAnomaly,mg C -m3
5/1/2006,2006,5,-0.058537937,NH05,SouthernBiomassAnomaly,mg C -m3
5/1/2006,2006,5,-0.651371743,NH05,NorthernBiomassAnomaly,mg C -m3
6/1/2006,2006,6,0.160780045,NH05,SouthernBiomassAnomaly,mg C -m3
6/1/2006,2006,6,0.025722538,NH05,NorthernBiomassAnomaly,mg C -m3
7/1/2006,2006,7,0.035084604,NH05,SouthernBiomassAnomaly,mg C -m3
7/1/2006,2006,7,0.068567759,NH05,NorthernBiomassAnomaly,mg C -m3
8/1/2006,2006,8,0.042166922,NH05,SouthernBiomassAnomaly,mg C -m3
8/1/2006,2006,8,-0.19175728,NH05,NorthernBiomassAnomaly,mg C -m3
9/1/2006,2006,9,0.077066628,NH05,SouthernBiomassAnomaly,mg C -m3
9/1/2006,2006,9,0.388911973,NH05,NorthernBiomassAnomaly,mg C -m3
10/1/2006,2006,10,-0.195673467,NH05,SouthernBiomassAnomaly,mg C -m3
10/1/2006,2006,10,0.040670402,NH05,NorthernBiomassAnomaly,mg C -m3
11/1/2006,2006,11,0.518126628,NH05,SouthernBiomassAnomaly,mg C -m3
11/1/2006,2006,11,-0.273517816,NH05,NorthernBiomassAnomaly,mg C -m3
12/1/2006,2006,12,-0.039882667,NH05,SouthernBiomassAnomaly,mg C -m3
12/1/2006,2006,12,-0.205456,NH05,NorthernBiomassAnomaly,mg C -m3
1/1/2007,2007,1,0.023437213,NH05,SouthernBiomassAnomaly,mg C -m3
1/1/2007,2007,1,0.222271958,NH05,NorthernBiomassAnomaly,mg C -m3
2/1/2007,2007,2,-0.085862071,NH05,SouthernBiomassAnomaly,mg C -m3
2/1/2007,2007,2,0.567755967,NH05,NorthernBiomassAnomaly,mg C -m3
3/1/2007,2007,3,-0.219654081,NH05,SouthernBiomassAnomaly,mg C -m3
3/1/2007,2007,3,-0.198704012,NH05,NorthernBiomassAnomaly,mg C -m3
4/1/2007,2007,4,-0.367040476,NH05,SouthernBiomassAnomaly,mg C -m3
4/1/2007,2007,4,0.191462004,NH05,NorthernBiomassAnomaly,mg C -m3
5/1/2007,2007,5,-0.309320345,NH05,SouthernBiomassAnomaly,mg C -m3
5/1/2007,2007,5,0.079514368,NH05,NorthernBiomassAnomaly,mg C -m3
6/1/2007,2007,6,-0.170701622,NH05,SouthernBiomassAnomaly,mg C -m3
6/1/2007,2007,6,0.233432538,NH05,NorthernBiomassAnomaly,mg C -m3
7/1/2007,2007,7,-0.135517248,NH05,SouthernBiomassAnomaly,mg C -m3
7/1/2007,2007,7,0.086589981,NH05,NorthernBiomassAnomaly,mg C -m3
8/1/2007,2007,8,0.006058589,NH05,SouthernBiomassAnomaly,mg C -m3
8/1/2007,2007,8,-0.017518391,NH05,NorthernBiomassAnomaly,mg C -m3
9/1/2007,2007,9,0.152794406,NH05,SouthernBiomassAnomaly,mg C -m3
9/1/2007,2007,9,0.074336973,NH05,NorthernBiomassAnomaly,mg C -m3
10/1/2007,2007,10,-0.06559569,NH05,SouthernBiomassAnomaly,mg C -m3
10/1/2007,2007,10,-0.168879598,NH05,NorthernBiomassAnomaly,mg C -m3
11/1/2007,2007,11,-0.418490038,NH05,SouthernBiomassAnomaly,mg C -m3
11/1/2007,2007,11,-0.098567816,NH05,NorthernBiomassAnomaly,mg C -m3
12/1/2007,2007,12,-0.573238222,NH05,SouthernBiomassAnomaly,mg C -m3
12/1/2007,2007,12,0.255044,NH05,NorthernBiomassAnomaly,mg C -m3
2/1/2008,2008,2,-0.267367627,NH05,SouthernBiomassAnomaly,mg C -m3
2/1/2008,2008,2,0.139572634,NH05,NorthernBiomassAnomaly,mg C -m3
3/1/2008,2008,3,-0.535076303,NH05,SouthernBiomassAnomaly,mg C -m3
3/1/2008,2008,3,0.588229321,NH05,NorthernBiomassAnomaly,mg C -m3
4/1/2008,2008,4,-0.325484921,NH05,SouthernBiomassAnomaly,mg C -m3
4/1/2008,2008,4,0.717912004,NH05,NorthernBiomassAnomaly,mg C -m3
5/1/2008,2008,5,-0.32801016,NH05,SouthernBiomassAnomaly,mg C -m3
5/1/2008,2008,5,0.523578257,NH05,NorthernBiomassAnomaly,mg C -m3
6/1/2008,2008,6,-0.254515511,NH05,SouthernBiomassAnomaly,mg C -m3
6/1/2008,2008,6,0.239893649,NH05,NorthernBiomassAnomaly,mg C -m3
7/1/2008,2008,7,-0.225332063,NH05,SouthernBiomassAnomaly,mg C -m3
7/1/2008,2008,7,0.210484425,NH05,NorthernBiomassAnomaly,mg C -m3
8/1/2008,2008,8,-0.204967337,NH05,SouthernBiomassAnomaly,mg C -m3
8/1/2008,2008,8,0.143126054,NH05,NorthernBiomassAnomaly,mg C -m3
9/1/2008,2008,9,-0.253714853,NH05,SouthernBiomassAnomaly,mg C -m3
9/1/2008,2008,9,-0.039107471,NH05,NorthernBiomassAnomaly,mg C -m3
10/1/2008,2008,10,-0.263909579,NH05,SouthernBiomassAnomaly,mg C -m3
10/1/2008,2008,10,0.450928736,NH05,NorthernBiomassAnomaly,mg C -m3
11/1/2008,2008,11,-0.169706705,NH05,SouthernBiomassAnomaly,mg C -m3
11/1/2008,2008,11,0.168865517,NH05,NorthernBiomassAnomaly,mg C -m3
12/1/2008,2008,12,0.113506222,NH05,SouthernBiomassAnomaly,mg C -m3
12/1/2008,2008,12,0.139310667,NH05,NorthernBiomassAnomaly,mg C -m3
1/1/2009,2009,1,-0.270051675,NH05,SouthernBiomassAnomaly,mg C -m3
1/1/2009,2009,1,0.812521958,NH05,NorthernBiomassAnomaly,mg C -m3
2/1/2009,2009,2,-0.203939849,NH05,SouthernBiomassAnomaly,mg C -m3
2/1/2009,2009,2,0.350622634,NH05,NorthernBiomassAnomaly,mg C -m3
3/1/2009,2009,3,-0.498426303,NH05,SouthernBiomassAnomaly,mg C -m3
3/1/2009,2009,3,0.056104321,NH05,NorthernBiomassAnomaly,mg C -m3
4/1/2009,2009,4,-0.432996032,NH05,SouthernBiomassAnomaly,mg C -m3
4/1/2009,2009,4,0.536945337,NH05,NorthernBiomassAnomaly,mg C -m3
5/1/2009,2009,5,-0.344087011,NH05,SouthernBiomassAnomaly,mg C -m3
5/1/2009,2009,5,0.61993659,NH05,NorthernBiomassAnomaly,mg C -m3
6/1/2009,2009,6,-0.186922918,NH05,SouthernBiomassAnomaly,mg C -m3
6/1/2009,2009,6,0.105304761,NH05,NorthernBiomassAnomaly,mg C -m3
7/1/2009,2009,7,-0.206826507,NH05,SouthernBiomassAnomaly,mg C -m3
7/1/2009,2009,7,0.037442759,NH05,NorthernBiomassAnomaly,mg C -m3
8/1/2009,2009,8,-0.129091411,NH05,SouthernBiomassAnomaly,mg C -m3
8/1/2009,2009,8,0.172259387,NH05,NorthernBiomassAnomaly,mg C -m3
9/1/2009,2009,9,-0.159933372,NH05,SouthernBiomassAnomaly,mg C -m3
9/1/2009,2009,9,-0.157574138,NH05,NorthernBiomassAnomaly,mg C -m3
10/1/2009,2009,10,-0.357612356,NH05,SouthernBiomassAnomaly,mg C -m3
10/1/2009,2009,10,-0.174296264,NH05,NorthernBiomassAnomaly,mg C -m3
11/1/2009,2009,11,-0.377073372,NH05,SouthernBiomassAnomaly,mg C -m3
11/1/2009,2009,11,0.136115517,NH05,NorthernBiomassAnomaly,mg C -m3
12/1/2009,2009,12,-0.159721556,NH05,SouthernBiomassAnomaly,mg C -m3
12/1/2009,2009,12,0.229244,NH05,NorthernBiomassAnomaly,mg C -m3
2/1/2010,2010,2,0.378593484,NH05,SouthernBiomassAnomaly,mg C -m3
2/1/2010,2010,2,-0.609177366,NH05,NorthernBiomassAnomaly,mg C -m3
3/1/2010,2010,3,0.176079252,NH05,SouthernBiomassAnomaly,mg C -m3
3/1/2010,2010,3,-0.009112346,NH05,NorthernBiomassAnomaly,mg C -m3
4/1/2010,2010,4,0.28022619,NH05,SouthernBiomassAnomaly,mg C -m3
4/1/2010,2010,4,-0.817604663,NH05,NorthernBiomassAnomaly,mg C -m3
5/1/2010,2010,5,0.496098174,NH05,SouthernBiomassAnomaly,mg C -m3
5/1/2010,2010,5,-0.267907854,NH05,NorthernBiomassAnomaly,mg C -m3
6/1/2010,2010,6,0.326612267,NH05,SouthernBiomassAnomaly,mg C -m3
6/1/2010,2010,6,0.105924205,NH05,NorthernBiomassAnomaly,mg C -m3
7/1/2010,2010,7,0.088381826,NH05,SouthernBiomassAnomaly,mg C -m3
7/1/2010,2010,7,0.152317759,NH05,NorthernBiomassAnomaly,mg C -m3
8/1/2010,2010,8,0.04859933,NH05,SouthernBiomassAnomaly,mg C -m3
8/1/2010,2010,8,0.257003831,NH05,NorthernBiomassAnomaly,mg C -m3
9/1/2010,2010,9,-0.025841705,NH05,SouthernBiomassAnomaly,mg C -m3
9/1/2010,2010,9,0.319461973,NH05,NorthernBiomassAnomaly,mg C -m3
10/1/2010,2010,10,0.050376533,NH05,SouthernBiomassAnomaly,mg C -m3
10/1/2010,2010,10,0.470570402,NH05,NorthernBiomassAnomaly,mg C -m3
11/1/2010,2010,11,-0.314184483,NH05,SouthernBiomassAnomaly,mg C -m3
11/1/2010,2010,11,0.068082184,NH05,NorthernBiomassAnomaly,mg C -m3
1/1/2011,2011,1,-0.062273898,NH05,SouthernBiomassAnomaly,mg C -m3
1/1/2011,2011,1,0.215205291,NH05,NorthernBiomassAnomaly,mg C -m3
2/1/2011,2011,2,0.011343484,NH05,SouthernBiomassAnomaly,mg C -m3
2/1/2011,2011,2,0.509805967,NH05,NorthernBiomassAnomaly,mg C -m3
3/1/2011,2011,3,-0.450754081,NH05,SouthernBiomassAnomaly,mg C -m3
3/1/2011,2011,3,1.064820988,NH05,NorthernBiomassAnomaly,mg C -m3
4/1/2011,2011,4,-0.296501587,NH05,SouthernBiomassAnomaly,mg C -m3
4/1/2011,2011,4,0.822995337,NH05,NorthernBiomassAnomaly,mg C -m3
5/1/2011,2011,5,-0.103429604,NH05,SouthernBiomassAnomaly,mg C -m3
5/1/2011,2011,5,0.805219923,NH05,NorthernBiomassAnomaly,mg C -m3
6/1/2011,2011,6,-0.20934514,NH05,SouthernBiomassAnomaly,mg C -m3
6/1/2011,2011,6,0.270415872,NH05,NorthernBiomassAnomaly,mg C -m3
7/1/2011,2011,7,-0.097343174,NH05,SouthernBiomassAnomaly,mg C -m3
7/1/2011,2011,7,0.383434425,NH05,NorthernBiomassAnomaly,mg C -m3
8/1/2011,2011,8,-0.179358078,NH05,SouthernBiomassAnomaly,mg C -m3
8/1/2011,2011,8,-0.068523946,NH05,NorthernBiomassAnomaly,mg C -m3
9/1/2011,2011,9,-0.213793372,NH05,SouthernBiomassAnomaly,mg C -m3
9/1/2011,2011,9,0.61090364,NH05,NorthernBiomassAnomaly,mg C -m3
10/1/2011,2011,10,-0.044590134,NH05,SouthernBiomassAnomaly,mg C -m3
10/1/2011,2011,10,0.047520402,NH05,NorthernBiomassAnomaly,mg C -m3
11/1/2011,2011,11,0.034537739,NH05,SouthernBiomassAnomaly,mg C -m3
11/1/2011,2011,11,-0.047951149,NH05,NorthernBiomassAnomaly,mg C -m3
12/1/2011,2011,12,-0.205860444,NH05,SouthernBiomassAnomaly,mg C -m3
12/1/2011,2011,12,0.258977333,NH05,NorthernBiomassAnomaly,mg C -m3
1/1/2012,2012,1,0.022198325,NH05,SouthernBiomassAnomaly,mg C -m3
1/1/2012,2012,1,0.970455291,NH05,NorthernBiomassAnomaly,mg C -m3
2/1/2012,2012,2,-0.058595405,NH05,SouthernBiomassAnomaly,mg C -m3
2/1/2012,2012,2,1.0593893,NH05,NorthernBiomassAnomaly,mg C -m3
3/1/2012,2012,3,-0.15839297,NH05,SouthernBiomassAnomaly,mg C -m3
3/1/2012,2012,3,0.938487654,NH05,NorthernBiomassAnomaly,mg C -m3
4/1/2012,2012,4,0.054848413,NH05,SouthernBiomassAnomaly,mg C -m3
4/1/2012,2012,4,0.084245337,NH05,NorthernBiomassAnomaly,mg C -m3
5/1/2012,2012,5,-0.240379604,NH05,SouthernBiomassAnomaly,mg C -m3
5/1/2012,2012,5,0.293769923,NH05,NorthernBiomassAnomaly,mg C -m3
6/1/2012,2012,6,-0.211130326,NH05,SouthernBiomassAnomaly,mg C -m3
6/1/2012,2012,6,0.446515872,NH05,NorthernBiomassAnomaly,mg C -m3
7/1/2012,2012,7,-0.169735766,NH05,SouthernBiomassAnomaly,mg C -m3
7/1/2012,2012,7,0.407634425,NH05,NorthernBiomassAnomaly,mg C -m3
8/1/2012,2012,8,-0.179341411,NH05,SouthernBiomassAnomaly,mg C -m3
8/1/2012,2012,8,0.397159387,NH05,NorthernBiomassAnomaly,mg C -m3
9/1/2012,2012,9,-0.225955594,NH05,SouthernBiomassAnomaly,mg C -m3
9/1/2012,2012,9,0.24580364,NH05,NorthernBiomassAnomaly,mg C -m3
10/1/2012,2012,10,-0.248484579,NH05,SouthernBiomassAnomaly,mg C -m3
10/1/2012,2012,10,-0.170662931,NH05,NorthernBiomassAnomaly,mg C -m3
11/1/2012,2012,11,0.187043295,NH05,SouthernBiomassAnomaly,mg C -m3
11/1/2012,2012,11,-0.196784483,NH05,NorthernBiomassAnomaly,mg C -m3
12/1/2012,2012,12,0.116550667,NH05,SouthernBiomassAnomaly,mg C -m3
12/1/2012,2012,12,-0.176456,NH05,NorthernBiomassAnomaly,mg C -m3
1/1/2013,2013,1,0.22855388,NH05,SouthernBiomassAnomaly,mg C -m3
1/1/2013,2013,1,0.189821958,NH05,NorthernBiomassAnomaly,mg C -m3
2/1/2013,2013,2,-0.163739849,NH05,SouthernBiomassAnomaly,mg C -m3
2/1/2013,2013,2,0.187622634,NH05,NorthernBiomassAnomaly,mg C -m3
3/1/2013,2013,3,0.008054252,NH05,SouthernBiomassAnomaly,mg C -m3
3/1/2013,2013,3,0.681220988,NH05,NorthernBiomassAnomaly,mg C -m3
4/1/2013,2013,4,-0.276147884,NH05,SouthernBiomassAnomaly,mg C -m3
4/1/2013,2013,4,0.777562004,NH05,NorthernBiomassAnomaly,mg C -m3
5/1/2013,2013,5,-0.354796271,NH05,SouthernBiomassAnomaly,mg C -m3
5/1/2013,2013,5,0.71648659,NH05,NorthernBiomassAnomaly,mg C -m3
6/1/2013,2013,6,-0.195685881,NH05,SouthernBiomassAnomaly,mg C -m3
6/1/2013,2013,6,0.419904761,NH05,NorthernBiomassAnomaly,mg C -m3
7/1/2013,2013,7,-0.16240984,NH05,SouthernBiomassAnomaly,mg C -m3
7/1/2013,2013,7,-0.082765575,NH05,NorthernBiomassAnomaly,mg C -m3
8/1/2013,2013,8,-0.238663633,NH05,SouthernBiomassAnomaly,mg C -m3
8/1/2013,2013,8,0.22314272,NH05,NorthernBiomassAnomaly,mg C -m3
9/1/2013,2013,9,-0.156250038,NH05,SouthernBiomassAnomaly,mg C -m3
9/1/2013,2013,9,0.084170307,NH05,NorthernBiomassAnomaly,mg C -m3
10/1/2013,2013,10,0.094609866,NH05,SouthernBiomassAnomaly,mg C -m3
10/1/2013,2013,10,-0.145079598,NH05,NorthernBiomassAnomaly,mg C -m3
11/1/2013,2013,11,-0.255295594,NH05,SouthernBiomassAnomaly,mg C -m3
11/1/2013,2013,11,0.194132184,NH05,NorthernBiomassAnomaly,mg C -m3
12/1/2013,2013,12,0.091972889,NH05,SouthernBiomassAnomaly,mg C -m3
12/1/2013,2013,12,-0.181789333,NH05,NorthernBiomassAnomaly,mg C -m3
1/1/2014,2014,1,-0.631601675,NH05,SouthernBiomassAnomaly,mg C -m3
1/1/2014,2014,1,0.339788624,NH05,NorthernBiomassAnomaly,mg C -m3
2/1/2014,2014,2,-0.426084294,NH05,SouthernBiomassAnomaly,mg C -m3
2/1/2014,2014,2,0.639522634,NH05,NorthernBiomassAnomaly,mg C -m3
4/1/2014,2014,4,-0.345577513,NH05,SouthernBiomassAnomaly,mg C -m3
4/1/2014,2014,4,0.510528671,NH05,NorthernBiomassAnomaly,mg C -m3
5/1/2014,2014,5,0.050437063,NH05,SouthernBiomassAnomaly,mg C -m3
5/1/2014,2014,5,0.56403659,NH05,NorthernBiomassAnomaly,mg C -m3
6/1/2014,2014,6,-0.186271066,NH05,SouthernBiomassAnomaly,mg C -m3
6/1/2014,2014,6,0.105249205,NH05,NorthernBiomassAnomaly,mg C -m3
7/1/2014,2014,7,-0.114770951,NH05,SouthernBiomassAnomaly,mg C -m3
7/1/2014,2014,7,0.239517759,NH05,NorthernBiomassAnomaly,mg C -m3
8/1/2014,2014,8,-0.094791411,NH05,SouthernBiomassAnomaly,mg C -m3
8/1/2014,2014,8,0.231026054,NH05,NorthernBiomassAnomaly,mg C -m3
9/1/2014,2014,9,0.15724811,NH05,SouthernBiomassAnomaly,mg C -m3
9/1/2014,2014,9,0.056336973,NH05,NorthernBiomassAnomaly,mg C -m3
10/1/2014,2014,10,0.538326533,NH05,SouthernBiomassAnomaly,mg C -m3
10/1/2014,2014,10,-0.601829598,NH05,NorthernBiomassAnomaly,mg C -m3
11/1/2014,2014,11,0.224415517,NH05,SouthernBiomassAnomaly,mg C -m3
11/1/2014,2014,11,-0.829051149,NH05,NorthernBiomassAnomaly,mg C -m3
12/1/2014,2014,12,0.014928444,NH05,SouthernBiomassAnomaly,mg C -m3
12/1/2014,2014,12,-0.450356,NH05,NorthernBiomassAnomaly,mg C -m3
1/1/2015,2015,1,0.079105732,NH05,SouthernBiomassAnomaly,mg C -m3
1/1/2015,2015,1,-0.320022487,NH05,NorthernBiomassAnomaly,mg C -m3
2/1/2015,2015,2,0.185310151,NH05,SouthernBiomassAnomaly,mg C -m3
2/1/2015,2015,2,-0.672194033,NH05,NorthernBiomassAnomaly,mg C -m3
3/1/2015,2015,3,0.349584808,NH05,SouthernBiomassAnomaly,mg C -m3
3/1/2015,2015,3,-0.645129012,NH05,NorthernBiomassAnomaly,mg C -m3
4/1/2015,2015,4,0.544192857,NH05,SouthernBiomassAnomaly,mg C -m3
4/1/2015,2015,4,-0.979004663,NH05,NorthernBiomassAnomaly,mg C -m3
5/1/2015,2015,5,0.316320396,NH05,SouthernBiomassAnomaly,mg C -m3
5/1/2015,2015,5,-0.292052299,NH05,NorthernBiomassAnomaly,mg C -m3
6/1/2015,2015,6,0.218403008,NH05,SouthernBiomassAnomaly,mg C -m3
6/1/2015,2015,6,-0.046317462,NH05,NorthernBiomassAnomaly,mg C -m3
7/1/2015,2015,7,0.476693863,NH05,SouthernBiomassAnomaly,mg C -m3
7/1/2015,2015,7,-0.102543352,NH05,NorthernBiomassAnomaly,mg C -m3
8/1/2015,2015,8,0.396654885,NH05,SouthernBiomassAnomaly,mg C -m3
8/1/2015,2015,8,-0.506218391,NH05,NorthernBiomassAnomaly,mg C -m3
9/1/2015,2015,9,0.567024962,NH05,SouthernBiomassAnomaly,mg C -m3
9/1/2015,2015,9,-1.003488027,NH05,NorthernBiomassAnomaly,mg C -m3
10/1/2015,2015,10,0.713970977,NH05,SouthernBiomassAnomaly,mg C -m3
10/1/2015,2015,10,-0.906829598,NH05,NorthernBiomassAnomaly,mg C -m3
11/1/2015,2015,11,0.285882184,NH05,SouthernBiomassAnomaly,mg C -m3
11/1/2015,2015,11,-0.848317816,NH05,NorthernBiomassAnomaly,mg C -m3
1/1/2016,2016,1,0.052887213,NH05,SouthernBiomassAnomaly,mg C -m3
1/1/2016,2016,1,-0.799978042,NH05,NorthernBiomassAnomaly,mg C -m3
2/1/2016,2016,2,0.347371262,NH05,SouthernBiomassAnomaly,mg C -m3
2/1/2016,2016,2,-0.824644033,NH05,NorthernBiomassAnomaly,mg C -m3
3/1/2016,2016,3,0.263812586,NH05,SouthernBiomassAnomaly,mg C -m3
3/1/2016,2016,3,-1.004212346,NH05,NorthernBiomassAnomaly,mg C -m3
4/1/2016,2016,4,0.537003968,NH05,SouthernBiomassAnomaly,mg C -m3
4/1/2016,2016,4,-1.160915774,NH05,NorthernBiomassAnomaly,mg C -m3
5/1/2016,2016,5,0.760609285,NH05,SouthernBiomassAnomaly,mg C -m3
5/1/2016,2016,5,-1.193046743,NH05,NorthernBiomassAnomaly,mg C -m3
6/1/2016,2016,6,0.520080785,NH05,SouthernBiomassAnomaly,mg C -m3
6/1/2016,2016,6,-0.594839684,NH05,NorthernBiomassAnomaly,mg C -m3
7/1/2016,2016,7,0.452623493,NH05,SouthernBiomassAnomaly,mg C -m3
7/1/2016,2016,7,-0.778865575,NH05,NorthernBiomassAnomaly,mg C -m3
8/1/2016,2016,8,0.303391922,NH05,SouthernBiomassAnomaly,mg C -m3
8/1/2016,2016,8,-0.922523946,NH05,NorthernBiomassAnomaly,mg C -m3
9/1/2016,2016,9,0.381438851,NH05,SouthernBiomassAnomaly,mg C -m3
9/1/2016,2016,9,-1.011813027,NH05,NorthernBiomassAnomaly,mg C -m3
10/1/2016,2016,10,0.224743199,NH05,SouthernBiomassAnomaly,mg C -m3
10/1/2016,2016,10,-0.386462931,NH05,NorthernBiomassAnomaly,mg C -m3
11/1/2016,2016,11,0.447715517,NH05,SouthernBiomassAnomaly,mg C -m3
11/1/2016,2016,11,-0.819884483,NH05,NorthernBiomassAnomaly,mg C -m3
12/1/2016,2016,12,0.086950667,NH05,SouthernBiomassAnomaly,mg C -m3
12/1/2016,2016,12,-0.613889333,NH05,NorthernBiomassAnomaly,mg C -m3
1/1/2017,2017,1,-0.064179453,NH05,SouthernBiomassAnomaly,mg C -m3
1/1/2017,2017,1,-0.799978042,NH05,NorthernBiomassAnomaly,mg C -m3
2/1/2017,2017,2,0.172045336,NH05,SouthernBiomassAnomaly,mg C -m3
2/1/2017,2017,2,-0.815899588,NH05,NorthernBiomassAnomaly,mg C -m3
3/1/2017,2017,3,0.396945919,NH05,SouthernBiomassAnomaly,mg C -m3
3/1/2017,2017,3,-1.004212346,NH05,NorthernBiomassAnomaly,mg C -m3
4/1/2017,2017,4,0.513153968,NH05,SouthernBiomassAnomaly,mg C -m3
4/1/2017,2017,4,-1.150487996,NH05,NorthernBiomassAnomaly,mg C -m3
5/1/2017,2017,5,0.303187063,NH05,SouthernBiomassAnomaly,mg C -m3
5/1/2017,2017,5,-1.30886341,NH05,NorthernBiomassAnomaly,mg C -m3
6/1/2017,2017,6,0.703317822,NH05,SouthernBiomassAnomaly,mg C -m3
6/1/2017,2017,6,-1.069784128,NH05,NorthernBiomassAnomaly,mg C -m3
7/1/2017,2017,7,0.271816086,NH05,SouthernBiomassAnomaly,mg C -m3
7/1/2017,2017,7,-0.297298908,NH05,NorthernBiomassAnomaly,mg C -m3
8/1/2017,2017,8,0.1372697,NH05,SouthernBiomassAnomaly,mg C -m3
8/1/2017,2017,8,0.20399272,NH05,NorthernBiomassAnomaly,mg C -m3
9/1/2017,2017,9,0.068761073,NH05,SouthernBiomassAnomaly,mg C -m3
9/1/2017,2017,9,-0.325179693,NH05,NorthernBiomassAnomaly,mg C -m3
10/1/2017,2017,10,0.130448755,NH05,SouthernBiomassAnomaly,mg C -m3
10/1/2017,2017,10,0.008537069,NH05,NorthernBiomassAnomaly,mg C -m3
11/1/2017,2017,11,0.044182184,NH05,SouthernBiomassAnomaly,mg C -m3
11/1/2017,2017,11,0.321148851,NH05,NorthernBiomassAnomaly,mg C -m3
12/1/2017,2017,12,-0.196466,NH05,SouthernBiomassAnomaly,mg C -m3
12/1/2017,2017,12,-0.274839333,NH05,NorthernBiomassAnomaly,mg C -m3
2/1/2018,2018,2,0.106765706,NH05,SouthernBiomassAnomaly,mg C -m3
2/1/2018,2018,2,-0.1567107,NH05,NorthernBiomassAnomaly,mg C -m3
3/1/2018,2018,3,0.053340364,NH05,SouthernBiomassAnomaly,mg C -m3
3/1/2018,2018,3,0.110354321,NH05,NorthernBiomassAnomaly,mg C -m3
4/1/2018,2018,4,0.249365079,NH05,SouthernBiomassAnomaly,mg C -m3
4/1/2018,2018,4,0.096662004,NH05,NorthernBiomassAnomaly,mg C -m3
5/1/2018,2018,5,0.116253729,NH05,SouthernBiomassAnomaly,mg C -m3
5/1/2018,2018,5,-0.11366341,NH05,NorthernBiomassAnomaly,mg C -m3
6/1/2018,2018,6,0.042890045,NH05,SouthernBiomassAnomaly,mg C -m3
6/1/2018,2018,6,0.188382538,NH05,NorthernBiomassAnomaly,mg C -m3
7/1/2018,2018,7,0.026851271,NH05,SouthernBiomassAnomaly,mg C -m3
7/1/2018,2018,7,0.168901092,NH05,NorthernBiomassAnomaly,mg C -m3
8/1/2018,2018,8,-0.056163633,NH05,SouthernBiomassAnomaly,mg C -m3
8/1/2018,2018,8,0.014726054,NH05,NorthernBiomassAnomaly,mg C -m3
9/1/2018,2018,9,-0.215833372,NH05,SouthernBiomassAnomaly,mg C -m3
9/1/2018,2018,9,0.52545364,NH05,NorthernBiomassAnomaly,mg C -m3
10/1/2018,2018,10,-0.43564569,NH05,SouthernBiomassAnomaly,mg C -m3
10/1/2018,2018,10,-0.305629598,NH05,NorthernBiomassAnomaly,mg C -m3
11/1/2018,2018,11,-0.463373372,NH05,SouthernBiomassAnomaly,mg C -m3
11/1/2018,2018,11,0.437615517,NH05,NorthernBiomassAnomaly,mg C -m3
12/1/2018,2018,12,-0.341827111,NH05,SouthernBiomassAnomaly,mg C -m3
12/1/2018,2018,12,-0.088122667,NH05,NorthernBiomassAnomaly,mg C -m3
1/1/2019,2019,1,-0.012123898,NH05,SouthernBiomassAnomaly,mg C -m3
1/1/2019,2019,1,-0.477111376,NH05,NorthernBiomassAnomaly,mg C -m3
2/1/2019,2019,2,0.204682373,NH05,SouthernBiomassAnomaly,mg C -m3
2/1/2019,2019,2,-0.733877366,NH05,NorthernBiomassAnomaly,mg C -m3
3/1/2019,2019,3,0.177740364,NH05,SouthernBiomassAnomaly,mg C -m3
3/1/2019,2019,3,-0.488195679,NH05,NorthernBiomassAnomaly,mg C -m3
4/1/2019,2019,4,0.121970635,NH05,SouthernBiomassAnomaly,mg C -m3
4/1/2019,2019,4,-0.319487996,NH05,NorthernBiomassAnomaly,mg C -m3
5/1/2019,2019,5,0.224409285,NH05,SouthernBiomassAnomaly,mg C -m3
5/1/2019,2019,5,0.473219923,NH05,NorthernBiomassAnomaly,mg C -m3
6/1/2019,2019,6,-0.06254514,NH05,SouthernBiomassAnomaly,mg C -m3
6/1/2019,2019,6,0.651982538,NH05,NorthernBiomassAnomaly,mg C -m3
7/1/2019,2019,7,-0.046132063,NH05,SouthernBiomassAnomaly,mg C -m3
7/1/2019,2019,7,0.470917759,NH05,NorthernBiomassAnomaly,mg C -m3
8/1/2019,2019,8,0.0556697,NH05,SouthernBiomassAnomaly,mg C -m3
8/1/2019,2019,8,0.50069272,NH05,NorthernBiomassAnomaly,mg C -m3
9/1/2019,2019,9,0.351688851,NH05,SouthernBiomassAnomaly,mg C -m3
9/1/2019,2019,9,-0.429429693,NH05,NorthernBiomassAnomaly,mg C -m3
10/1/2019,2019,10,0.340843199,NH05,SouthernBiomassAnomaly,mg C -m3
10/1/2019,2019,10,-0.571146264,NH05,NorthernBiomassAnomaly,mg C -m3
11/1/2019,2019,11,0.225776628,NH05,SouthernBiomassAnomaly,mg C -m3
11/1/2019,2019,11,-0.421317816,NH05,NorthernBiomassAnomaly,mg C -m3
12/1/2019,2019,12,0.283961778,NH05,SouthernBiomassAnomaly,mg C -m3
12/1/2019,2019,12,0.113677333,NH05,NorthernBiomassAnomaly,mg C -m3
2/1/2020,2020,2,-0.044845405,NH05,SouthernBiomassAnomaly,mg C -m3
2/1/2020,2020,2,0.371155967,NH05,NorthernBiomassAnomaly,mg C -m3
3/1/2020,2020,3,-0.08014297,NH05,SouthernBiomassAnomaly,mg C -m3
3/1/2020,2020,3,0.662654321,NH05,NorthernBiomassAnomaly,mg C -m3
4/1/2020,2020,4,-0.192984921,NH05,SouthernBiomassAnomaly,mg C -m3
4/1/2020,2020,4,1.079462004,NH05,NorthernBiomassAnomaly,mg C -m3
5/1/2020,2020,5,-0.345824049,NH05,SouthernBiomassAnomaly,mg C -m3
5/1/2020,2020,5,0.584403257,NH05,NorthernBiomassAnomaly,mg C -m3
6/1/2020,2020,6,-0.254515511,NH05,SouthernBiomassAnomaly,mg C -m3
6/1/2020,2020,6,0.816732538,NH05,NorthernBiomassAnomaly,mg C -m3
7/1/2020,2020,7,-0.181782063,NH05,SouthernBiomassAnomaly,mg C -m3
7/1/2020,2020,7,0.664651092,NH05,NorthernBiomassAnomaly,mg C -m3
8/1/2020,2020,8,-0.1082303,NH05,SouthernBiomassAnomaly,mg C -m3
8/1/2020,2020,8,0.346176054,NH05,NorthernBiomassAnomaly,mg C -m3
9/1/2020,2020,9,0.076161073,NH05,SouthernBiomassAnomaly,mg C -m3
9/1/2020,2020,9,-0.153713027,NH05,NorthernBiomassAnomaly,mg C -m3
10/1/2020,2020,10,0.125176533,NH05,SouthernBiomassAnomaly,mg C -m3
10/1/2020,2020,10,0.065170402,NH05,NorthernBiomassAnomaly,mg C -m3
11/1/2020,2020,11,0.081948851,NH05,SouthernBiomassAnomaly,mg C -m3
11/1/2020,2020,11,-0.023117816,NH05,NorthernBiomassAnomaly,mg C -m3
12/1/2020,2020,12,0.253539556,NH05,SouthernBiomassAnomaly,mg C -m3
12/1/2020,2020,12,0.652260667,NH05,NorthernBiomassAnomaly,mg C -m3
1/1/2021,2021,1,-0.208523898,NH05,SouthernBiomassAnomaly,mg C -m3
1/1/2021,2021,1,0.886221958,NH05,NorthernBiomassAnomaly,mg C -m3
2/1/2021,2021,2,-0.143617627,NH05,SouthernBiomassAnomaly,mg C -m3
2/1/2021,2021,2,0.877222634,NH05,NorthernBiomassAnomaly,mg C -m3
3/1/2021,2021,3,-0.242526303,NH05,SouthernBiomassAnomaly,mg C -m3
3/1/2021,2021,3,0.665437654,NH05,NorthernBiomassAnomaly,mg C -m3
4/1/2021,2021,4,-0.374196032,NH05,SouthernBiomassAnomaly,mg C -m3
4/1/2021,2021,4,0.665112004,NH05,NorthernBiomassAnomaly,mg C -m3
5/1/2021,2021,5,-0.340187011,NH05,SouthernBiomassAnomaly,mg C -m3
5/1/2021,2021,5,0.903914368,NH05,NorthernBiomassAnomaly,mg C -m3
6/1/2021,2021,6,-0.254515511,NH05,SouthernBiomassAnomaly,mg C -m3
6/1/2021,2021,6,0.662349205,NH05,NorthernBiomassAnomaly,mg C -m3
7/1/2021,2021,7,-0.150093174,NH05,SouthernBiomassAnomaly,mg C -m3
7/1/2021,2021,7,0.431151092,NH05,NorthernBiomassAnomaly,mg C -m3
8/1/2021,2021,8,-0.205558078,NH05,SouthernBiomassAnomaly,mg C -m3
8/1/2021,2021,8,0.135959387,NH05,NorthernBiomassAnomaly,mg C -m3
9/1/2021,2021,9,-0.224933372,NH05,SouthernBiomassAnomaly,mg C -m3
9/1/2021,2021,9,0.659620307,NH05,NorthernBiomassAnomaly,mg C -m3
10/1/2021,2021,10,-0.044329023,NH05,SouthernBiomassAnomaly,mg C -m3
10/1/2021,2021,10,0.270503736,NH05,NorthernBiomassAnomaly,mg C -m3
11/1/2021,2021,11,0.431659962,NH05,SouthernBiomassAnomaly,mg C -m3
11/1/2021,2021,11,-0.061751149,NH05,NorthernBiomassAnomaly,mg C -m3
12/1/2021,2021,12,0.164950667,NH05,SouthernBiomassAnomaly,mg C -m3
12/1/2021,2021,12,-0.335422667,NH05,NorthernBiomassAnomaly,mg C -m3
1/1/2022,2022,1,0.195542769,NH05,SouthernBiomassAnomaly,mg C -m3
1/1/2022,2022,1,0.431621958,NH05,NorthernBiomassAnomaly,mg C -m3
2/1/2022,2022,2,0.051271262,NH05,SouthernBiomassAnomaly,mg C -m3
2/1/2022,2022,2,0.442455967,NH05,NorthernBiomassAnomaly,mg C -m3
3/1/2022,2022,3,-0.148009636,NH05,SouthernBiomassAnomaly,mg C -m3
3/1/2022,2022,3,0.959820988,NH05,NorthernBiomassAnomaly,mg C -m3
4/1/2022,2022,4,-0.437607143,NH05,SouthernBiomassAnomaly,mg C -m3
4/1/2022,2022,4,1.021895337,NH05,NorthernBiomassAnomaly,mg C -m3
5/1/2022,2022,5,-0.301890715,NH05,SouthernBiomassAnomaly,mg C -m3
5/1/2022,2022,5,0.38633659,NH05,NorthernBiomassAnomaly,mg C -m3
6/1/2022,2022,6,-0.232065511,NH05,SouthernBiomassAnomaly,mg C -m3
6/1/2022,2022,6,-0.130784128,NH05,NorthernBiomassAnomaly,mg C -m3
7/1/2022,2022,7,-0.206043174,NH05,SouthernBiomassAnomaly,mg C -m3
7/1/2022,2022,7,-0.228765575,NH05,NorthernBiomassAnomaly,mg C -m3
8/1/2022,2022,8,-0.2273803,NH05,SouthernBiomassAnomaly,mg C -m3
8/1/2022,2022,8,0.212909387,NH05,NorthernBiomassAnomaly,mg C -m3
9/1/2022,2022,9,-0.203888927,NH05,SouthernBiomassAnomaly,mg C -m3
9/1/2022,2022,9,0.158070307,NH05,NorthernBiomassAnomaly,mg C -m3
10/1/2022,2022,10,0.110659866,NH05,SouthernBiomassAnomaly,mg C -m3
10/1/2022,2022,10,0.362920402,NH05,NorthernBiomassAnomaly,mg C -m3
11/1/2022,2022,11,0.469759962,NH05,SouthernBiomassAnomaly,mg C -m3
11/1/2022,2022,11,0.448998851,NH05,NorthernBiomassAnomaly,mg C -m3
12/1/2022,2022,12,0.056417333,NH05,SouthernBiomassAnomaly,mg C -m3
12/1/2022,2022,12,0.598944,NH05,NorthernBiomassAnomaly,mg C -m3
1/1/2023,2023,1,0.120764991,NH05,SouthernBiomassAnomaly,mg C -m3
1/1/2023,2023,1,0.506888624,NH05,NorthernBiomassAnomaly,mg C -m3
2/1/2023,2023,2,-0.328773182,NH05,SouthernBiomassAnomaly,mg C -m3
2/1/2023,2023,2,-0.154044033,NH05,NorthernBiomassAnomaly,mg C -m3
3/1/2023,2023,3,-0.142709636,NH05,SouthernBiomassAnomaly,mg C -m3
3/1/2023,2023,3,0.636820988,NH05,NorthernBiomassAnomaly,mg C -m3
4/1/2023,2023,4,0.096553968,NH05,SouthernBiomassAnomaly,mg C -m3
4/1/2023,2023,4,0.643078671,NH05,NorthernBiomassAnomaly,mg C -m3
5/1/2023,2023,5,-0.133128493,NH05,SouthernBiomassAnomaly,mg C -m3
5/1/2023,2023,5,0.007369923,NH05,NorthernBiomassAnomaly,mg C -m3
6/1/2023,2023,6,-0.165798844,NH05,SouthernBiomassAnomaly,mg C -m3
6/1/2023,2023,6,0.299682538,NH05,NorthernBiomassAnomaly,mg C -m3
7/1/2023,2023,7,-0.184143174,NH05,SouthernBiomassAnomaly,mg C -m3
7/1/2023,2023,7,-0.080465575,NH05,NorthernBiomassAnomaly,mg C -m3
8/1/2023,2023,8,-0.175258078,NH05,SouthernBiomassAnomaly,mg C -m3
8/1/2023,2023,8,0.469159387,NH05,NorthernBiomassAnomaly,mg C -m3
9/1/2023,2023,9,-0.211448186,NH05,SouthernBiomassAnomaly,mg C -m3
9/1/2023,2023,9,0.081192529,NH05,NorthernBiomassAnomaly,mg C -m3
10/1/2023,2023,10,0.082882088,NH05,SouthernBiomassAnomaly,mg C -m3
10/1/2023,2023,10,-0.012346264,NH05,NorthernBiomassAnomaly,mg C -m3
11/1/2023,2023,11,0.075615517,NH05,SouthernBiomassAnomaly,mg C -m3
11/1/2023,2023,11,0.436382184,NH05,NorthernBiomassAnomaly,mg C -m3
12/1/2023,2023,12,0.395728444,NH05,SouthernBiomassAnomaly,mg C -m3
12/1/2023,2023,12,-0.364656,NH05,NorthernBiomassAnomaly,mg C -m3
1/1/2024,2024,1,0.174142769,NH05,SouthernBiomassAnomaly,mg C -m3
1/1/2024,2024,1,-0.726944709,NH05,NorthernBiomassAnomaly,mg C -m3
2/1/2024,2024,2,0.232271262,NH05,SouthernBiomassAnomaly,mg C -m3
2/1/2024,2024,2,-0.487944033,NH05,NorthernBiomassAnomaly,mg C -m3
3/1/2024,2024,3,0.444634808,NH05,SouthernBiomassAnomaly,mg C -m3
3/1/2024,2024,3,-0.746745679,NH05,NorthernBiomassAnomaly,mg C -m3
4/1/2024,2024,4,0.148781746,NH05,SouthernBiomassAnomaly,mg C -m3
4/1/2024,2024,4,-0.837737996,NH05,NorthernBiomassAnomaly,mg C -m3
5/1/2024,2024,5,0.200537063,NH05,SouthernBiomassAnomaly,mg C -m3
5/1/2024,2024,5,0.07283659,NH05,NorthernBiomassAnomaly,mg C -m3
6/1/2024,2024,6,-0.111830326,NH05,SouthernBiomassAnomaly,mg C -m3
6/1/2024,2024,6,0.609560316,NH05,NorthernBiomassAnomaly,mg C -m3
7/1/2024,2024,7,-0.145376507,NH05,SouthernBiomassAnomaly,mg C -m3
7/1/2024,2024,7,0.271401092,NH05,NorthernBiomassAnomaly,mg C -m3
8/1/2024,2024,8,-0.129796967,NH05,SouthernBiomassAnomaly,mg C -m3
8/1/2024,2024,8,0.40404272,NH05,NorthernBiomassAnomaly,mg C -m3
9/1/2024,2024,9,-0.143148186,NH05,SouthernBiomassAnomaly,mg C -m3
9/1/2024,2024,9,0.171136973,NH05,NorthernBiomassAnomaly,mg C -m3
10/1/2024,2024,10,-0.254367912,NH05,SouthernBiomassAnomaly,mg C -m3
10/1/2024,2024,10,0.658520402,NH05,NorthernBiomassAnomaly,mg C -m3
11/1/2024,2024,11,0.032615517,NH05,SouthernBiomassAnomaly,mg C -m3
11/1/2024,2024,11,0.437315517,NH05,NorthernBiomassAnomaly,mg C -m3
12/1/2024,2024,12,0.482239556,NH05,SouthernBiomassAnomaly,mg C -m3
12/1/2024,2024,12,0.425710667,NH05,NorthernBiomassAnomaly,mg C -m3
