GEO_ID2,year,index,latitude,longitude,STATE,MAPNAME,timeseries
4103150,2009,Medium,46.1872632,-123.8145715,OR,Astoria,"Astoria, OR"
4103150,2010,Medium,46.1872632,-123.8145715,OR,Astoria,"Astoria, OR"
4103150,2011,Medium,46.1872632,-123.8145715,OR,Astoria,"Astoria, OR"
4103150,2012,Medium High,46.18726,-123.81457,OR,Astoria,"Astoria, OR"
4103150,2013,Medium,46.1872632,-123.8145715,OR,Astoria,"Astoria, OR"
4103150,2014,Medium,46.18726,-123.81457,OR,Astoria,"Astoria, OR"
4103150,2015,Medium,46.18726,-123.81457,OR,Astoria,"Astoria, OR"
4103150,2016,Medium,46.1873684,-123.8149707,OR,Astoria,"Astoria, OR"
4103150,2017,Low,46.1873684,-123.8149707,OR,Astoria,"Astoria, OR"
4103150,2018,Low,46.1873754,-123.8150727,OR,Astoria,"Astoria, OR"
4103150,2019,Low,46.187375,-123.815073,OR,Astoria,"Astoria, OR"
4103150,2020,Medium,46.187375,-123.815073,OR,Astoria,"Astoria, OR"
4103150,2021,Medium,46.187375,-123.815073,OR,Astoria,"Astoria, OR"
4103150,2022,Medium,46.187375,-123.815073,OR,Astoria,"Astoria, OR"
4105200,2009,Medium High,45.27901,-123.824616,OR,Beaver,"Beaver, OR"
4105200,2010,High,45.27901,-123.824616,OR,Beaver,"Beaver, OR"
4105200,2011,High,45.27901,-123.824616,OR,Beaver,"Beaver, OR"
4105200,2012,Low,45.27901,-123.82462,OR,Beaver,"Beaver, OR"
4105200,2013,Low,45.27901,-123.824616,OR,Beaver,"Beaver, OR"
4105200,2014,Medium,45.27901,-123.82462,OR,Beaver,"Beaver, OR"
4105200,2015,Low,45.27901,-123.82462,OR,Beaver,"Beaver, OR"
4105200,2016,Low,45.27901,-123.824616,OR,Beaver,"Beaver, OR"
4105200,2017,Low,45.27901,-123.824616,OR,Beaver,"Beaver, OR"
4105200,2018,Medium High,45.27901,-123.824616,OR,Beaver,"Beaver, OR"
4105200,2019,Medium,45.27901,-123.824616,OR,Beaver,"Beaver, OR"
4105200,2020,Medium,45.27901,-123.824616,OR,Beaver,"Beaver, OR"
4105200,2021,Low,45.27901,-123.824616,OR,Beaver,"Beaver, OR"
4105200,2022,Medium High,45.27901,-123.824616,OR,Beaver,"Beaver, OR"
4108650,2009,Medium,42.0596517,-124.2920429,OR,Brookings,"Brookings, OR"
4108650,2010,Medium,42.0689004,-124.2999485,OR,Brookings,"Brookings, OR"
4108650,2011,Medium,42.0689004,-124.2999485,OR,Brookings,"Brookings, OR"
4108650,2012,Low,42.0689,-124.29995,OR,Brookings,"Brookings, OR"
4108650,2013,Medium,42.0689004,-124.2999485,OR,Brookings,"Brookings, OR"
4108650,2014,Low,42.0689,-124.29995,OR,Brookings,"Brookings, OR"
4108650,2015,Low,42.0689,-124.29995,OR,Brookings,"Brookings, OR"
4108650,2016,Medium,42.0689004,-124.2999485,OR,Brookings,"Brookings, OR"
4108650,2017,Medium,42.0724082,-124.3049086,OR,Brookings,"Brookings, OR"
4108650,2018,Low,42.0724082,-124.3049086,OR,Brookings,"Brookings, OR"
4108650,2019,Medium,42.072408,-124.304909,OR,Brookings,"Brookings, OR"
4108650,2020,Low,42.072408,-124.304909,OR,Brookings,"Brookings, OR"
4108650,2021,Low,42.072408,-124.304909,OR,Brookings,"Brookings, OR"
4108650,2022,Low,42.072408,-124.304909,OR,Brookings,"Brookings, OR"
4114200,2009,Medium,45.2006075,-123.8841647,OR,Cloverdale,"Cloverdale, OR"
4114200,2010,Medium,45.2006075,-123.8841647,OR,Cloverdale,"Cloverdale, OR"
4114200,2011,Medium High,45.2006075,-123.8841647,OR,Cloverdale,"Cloverdale, OR"
4114200,2012,High,45.20061,-123.88416,OR,Cloverdale,"Cloverdale, OR"
4114200,2013,Medium,45.2006075,-123.8841647,OR,Cloverdale,"Cloverdale, OR"
4114200,2014,Medium,45.20061,-123.88416,OR,Cloverdale,"Cloverdale, OR"
4114200,2015,Low,45.20061,-123.88416,OR,Cloverdale,"Cloverdale, OR"
4114200,2016,Medium,45.2006075,-123.8841646,OR,Cloverdale,"Cloverdale, OR"
4114200,2017,Low,45.2006075,-123.8841646,OR,Cloverdale,"Cloverdale, OR"
4114200,2018,Medium,45.2006075,-123.8841646,OR,Cloverdale,"Cloverdale, OR"
4114200,2019,Medium,45.200608,-123.884165,OR,Cloverdale,"Cloverdale, OR"
4114200,2020,Medium,45.200608,-123.884165,OR,Cloverdale,"Cloverdale, OR"
4114200,2021,Low,45.200608,-123.884165,OR,Cloverdale,"Cloverdale, OR"
4114200,2022,Low,45.200608,-123.884165,OR,Cloverdale,"Cloverdale, OR"
4115250,2009,Medium High,43.381159,-124.2327252,OR,Coos Bay,"Coos Bay, OR"
4115250,2010,Medium High,43.381159,-124.2327252,OR,Coos Bay,"Coos Bay, OR"
4115250,2011,Medium High,43.381159,-124.2327252,OR,Coos Bay,"Coos Bay, OR"
4115250,2012,Medium High,43.38116,-124.23273,OR,Coos Bay,"Coos Bay, OR"
4115250,2013,Medium High,43.381159,-124.2327252,OR,Coos Bay,"Coos Bay, OR"
4115250,2014,Medium High,43.38116,-124.23273,OR,Coos Bay,"Coos Bay, OR"
4115250,2015,Medium High,43.38116,-124.23273,OR,Coos Bay,"Coos Bay, OR"
4115250,2016,Medium High,43.3811257,-124.232597,OR,Coos Bay,"Coos Bay, OR"
4115250,2017,Medium High,43.3811257,-124.232597,OR,Coos Bay,"Coos Bay, OR"
4115250,2018,Medium High,43.3811257,-124.232597,OR,Coos Bay,"Coos Bay, OR"
4115250,2019,Medium High,43.381126,-124.232597,OR,Coos Bay,"Coos Bay, OR"
4115250,2020,Medium High,43.381126,-124.232597,OR,Coos Bay,"Coos Bay, OR"
4115250,2021,Medium High,43.381126,-124.232597,OR,Coos Bay,"Coos Bay, OR"
4115250,2022,Medium High,43.381126,-124.232597,OR,Coos Bay,"Coos Bay, OR"
4126050,2009,Medium High,43.9916324,-124.1064557,OR,Florence,"Florence, OR"
4126050,2010,Medium High,43.9916324,-124.1064557,OR,Florence,"Florence, OR"
4126050,2011,Medium High,43.9916324,-124.1064557,OR,Florence,"Florence, OR"
4126050,2012,Medium,43.99163,-124.10646,OR,Florence,"Florence, OR"
4126050,2013,Medium High,43.9916324,-124.1064557,OR,Florence,"Florence, OR"
4126050,2014,Medium High,43.99163,-124.10646,OR,Florence,"Florence, OR"
4126050,2015,Medium High,43.99163,-124.10646,OR,Florence,"Florence, OR"
4126050,2016,High,43.9916324,-124.1064557,OR,Florence,"Florence, OR"
4126050,2017,High,43.9916324,-124.1064557,OR,Florence,"Florence, OR"
4126050,2018,Medium High,43.9916324,-124.1064557,OR,Florence,"Florence, OR"
4126050,2019,High,43.991632,-124.106456,OR,Florence,"Florence, OR"
4126050,2020,Medium High,43.991632,-124.106456,OR,Florence,"Florence, OR"
4126050,2021,Medium High,43.991632,-124.106456,OR,Florence,"Florence, OR"
4126050,2022,Medium High,43.991632,-124.106456,OR,Florence,"Florence, OR"
4128000,2009,Medium High,45.5607744,-123.9113436,OR,Garibaldi,"Garibaldi, OR"
4128000,2010,Medium High,45.5607744,-123.9113436,OR,Garibaldi,"Garibaldi, OR"
4128000,2011,Medium High,45.5607744,-123.9113436,OR,Garibaldi,"Garibaldi, OR"
4128000,2012,Medium High,45.56077,-123.91134,OR,Garibaldi,"Garibaldi, OR"
4128000,2013,Medium,45.5607744,-123.9113436,OR,Garibaldi,"Garibaldi, OR"
4128000,2014,Medium High,45.56077,-123.91134,OR,Garibaldi,"Garibaldi, OR"
4128000,2015,Medium High,45.56077,-123.91134,OR,Garibaldi,"Garibaldi, OR"
4128000,2016,Medium High,45.5607744,-123.9113436,OR,Garibaldi,"Garibaldi, OR"
4128000,2017,Medium High,45.5607744,-123.9113436,OR,Garibaldi,"Garibaldi, OR"
4128000,2018,Medium,45.5607828,-123.9113502,OR,Garibaldi,"Garibaldi, OR"
4128000,2019,Medium,45.560783,-123.91135,OR,Garibaldi,"Garibaldi, OR"
4128000,2020,Medium,45.560783,-123.91135,OR,Garibaldi,"Garibaldi, OR"
4128000,2021,Medium,45.560783,-123.91135,OR,Garibaldi,"Garibaldi, OR"
4128000,2022,Low,45.560783,-123.91135,OR,Garibaldi,"Garibaldi, OR"
4152450,2009,Medium,44.6226024,-124.0491345,OR,Newport,"Newport, OR"
4152450,2010,Medium High,44.6208693,-124.043041,OR,Newport,"Newport, OR"
4152450,2011,Medium High,44.6208693,-124.043041,OR,Newport,"Newport, OR"
4152450,2012,Medium High,44.62087,-124.04304,OR,Newport,"Newport, OR"
4152450,2013,Medium,44.6208693,-124.043041,OR,Newport,"Newport, OR"
4152450,2014,Medium,44.62087,-124.04304,OR,Newport,"Newport, OR"
4152450,2015,Medium,44.62087,-124.04304,OR,Newport,"Newport, OR"
4152450,2016,Medium High,44.6208693,-124.043041,OR,Newport,"Newport, OR"
4152450,2017,Medium High,44.6208693,-124.043041,OR,Newport,"Newport, OR"
4152450,2018,Medium,44.6208693,-124.043041,OR,Newport,"Newport, OR"
4152450,2019,Medium High,44.620869,-124.043041,OR,Newport,"Newport, OR"
4152450,2020,Medium High,44.620869,-124.043041,OR,Newport,"Newport, OR"
4152450,2021,Medium,44.620869,-124.043041,OR,Newport,"Newport, OR"
4152450,2022,Medium High,44.620869,-124.043041,OR,Newport,"Newport, OR"
4159250,2009,Medium High,42.7492601,-124.4970166,OR,Port Orford,"Port Orford, OR"
4159250,2010,Medium High,42.7492759,-124.4981176,OR,Port Orford,"Port Orford, OR"
4159250,2011,Medium High,42.7492759,-124.4981176,OR,Port Orford,"Port Orford, OR"
4159250,2012,High,42.74928,-124.49812,OR,Port Orford,"Port Orford, OR"
4159250,2013,High,42.7492759,-124.4981176,OR,Port Orford,"Port Orford, OR"
4159250,2014,High,42.74928,-124.49812,OR,Port Orford,"Port Orford, OR"
4159250,2015,High,42.74928,-124.49812,OR,Port Orford,"Port Orford, OR"
4159250,2016,High,42.7492759,-124.4981176,OR,Port Orford,"Port Orford, OR"
4159250,2017,High,42.7492759,-124.4981176,OR,Port Orford,"Port Orford, OR"
4159250,2018,High,42.7492759,-124.4981176,OR,Port Orford,"Port Orford, OR"
4159250,2019,High,42.749276,-124.498118,OR,Port Orford,"Port Orford, OR"
4159250,2020,High,42.749276,-124.498118,OR,Port Orford,"Port Orford, OR"
4159250,2021,High,42.749276,-124.498118,OR,Port Orford,"Port Orford, OR"
4159250,2022,Medium High,42.749276,-124.498118,OR,Port Orford,"Port Orford, OR"
4173700,2009,Medium High,45.4562341,-123.8390756,OR,Tillamook,"Tillamook, OR"
4173700,2010,High,45.4560132,-123.8354738,OR,Tillamook,"Tillamook, OR"
4173700,2011,High,45.4560132,-123.8354738,OR,Tillamook,"Tillamook, OR"
4173700,2012,Medium High,45.45601,-123.83547,OR,Tillamook,"Tillamook, OR"
4173700,2013,Medium High,45.4560132,-123.8354738,OR,Tillamook,"Tillamook, OR"
4173700,2014,High,45.45601,-123.83547,OR,Tillamook,"Tillamook, OR"
4173700,2015,High,45.45601,-123.83547,OR,Tillamook,"Tillamook, OR"
4173700,2016,Medium High,45.4561243,-123.8332254,OR,Tillamook,"Tillamook, OR"
4173700,2017,High,45.4561243,-123.8332254,OR,Tillamook,"Tillamook, OR"
4173700,2018,Medium High,45.4561227,-123.8331455,OR,Tillamook,"Tillamook, OR"
4173700,2019,Medium High,45.456123,-123.833145,OR,Tillamook,"Tillamook, OR"
4173700,2020,Medium High,45.456123,-123.833145,OR,Tillamook,"Tillamook, OR"
4173700,2021,High,45.456123,-123.833145,OR,Tillamook,"Tillamook, OR"
4173700,2022,Medium High,45.456123,-123.833145,OR,Tillamook,"Tillamook, OR"
4183050,2009,Low,43.6772562,-124.1777237,OR,Winchester Bay,"Winchester Bay, OR"
4183050,2010,Medium,43.6772562,-124.1777237,OR,Winchester Bay,"Winchester Bay, OR"
4183050,2011,Low,43.6772562,-124.1777237,OR,Winchester Bay,"Winchester Bay, OR"
4183050,2012,Medium High,43.67726,-124.17772,OR,Winchester Bay,"Winchester Bay, OR"
4183050,2013,Low,43.6772562,-124.1777237,OR,Winchester Bay,"Winchester Bay, OR"
4183050,2014,Medium,43.67726,-124.17772,OR,Winchester Bay,"Winchester Bay, OR"
4183050,2015,Low,43.67726,-124.17772,OR,Winchester Bay,"Winchester Bay, OR"
4183050,2016,Medium High,43.6699818,-124.186938,OR,Winchester Bay,"Winchester Bay, OR"
4183050,2017,Medium,43.6699818,-124.186938,OR,Winchester Bay,"Winchester Bay, OR"
4183050,2018,High,43.6699818,-124.186938,OR,Winchester Bay,"Winchester Bay, OR"
4183050,2019,Medium,43.669982,-124.186938,OR,Winchester Bay,"Winchester Bay, OR"
4183050,2020,Medium High,43.669982,-124.186938,OR,Winchester Bay,"Winchester Bay, OR"
4183050,2021,Medium High,43.669982,-124.186938,OR,Winchester Bay,"Winchester Bay, OR"
4183050,2022,High,43.669982,-124.186938,OR,Winchester Bay,"Winchester Bay, OR"
4184200,2009,Medium,44.3121375,-124.1018272,OR,Yachats,"Yachats, OR"
4184200,2010,Low,44.3121375,-124.1018272,OR,Yachats,"Yachats, OR"
4184200,2011,Low,44.3121375,-124.1018272,OR,Yachats,"Yachats, OR"
4184200,2012,Low,44.31214,-124.10183,OR,Yachats,"Yachats, OR"
4184200,2013,Medium,44.3121375,-124.1018272,OR,Yachats,"Yachats, OR"
4184200,2014,Medium,44.31214,-124.10183,OR,Yachats,"Yachats, OR"
4184200,2015,Medium High,44.31214,-124.10183,OR,Yachats,"Yachats, OR"
4184200,2016,High,44.311758,-124.1013919,OR,Yachats,"Yachats, OR"
4184200,2017,Medium High,44.311758,-124.1013919,OR,Yachats,"Yachats, OR"
4184200,2018,Low,44.311758,-124.1013919,OR,Yachats,"Yachats, OR"
4184200,2019,Medium High,44.311758,-124.101392,OR,Yachats,"Yachats, OR"
4184200,2020,Medium High,44.311758,-124.101392,OR,Yachats,"Yachats, OR"
4184200,2021,Medium High,44.311758,-124.101392,OR,Yachats,"Yachats, OR"
4184200,2022,Medium High,44.311758,-124.101392,OR,Yachats,"Yachats, OR"
5301990,2009,Low,48.4921265,-122.627585,WA,Anacortes,"Anacortes, WA"
5301990,2010,Low,48.4887249,-122.62398,WA,Anacortes,"Anacortes, WA"
5301990,2011,Low,48.4887249,-122.62398,WA,Anacortes,"Anacortes, WA"
5301990,2012,Low,48.48872,-122.62398,WA,Anacortes,"Anacortes, WA"
5301990,2013,Low,48.4887249,-122.62398,WA,Anacortes,"Anacortes, WA"
5301990,2014,Low,48.48872,-122.62398,WA,Anacortes,"Anacortes, WA"
5301990,2015,Low,48.48872,-122.62398,WA,Anacortes,"Anacortes, WA"
5301990,2016,Low,48.4891727,-122.6250532,WA,Anacortes,"Anacortes, WA"
5301990,2017,Low,48.4891727,-122.6250532,WA,Anacortes,"Anacortes, WA"
5301990,2018,Low,48.4891727,-122.6250532,WA,Anacortes,"Anacortes, WA"
5301990,2019,Low,48.488725,-122.62398,WA,Anacortes,"Anacortes, WA"
5301990,2020,Low,48.488725,-122.62398,WA,Anacortes,"Anacortes, WA"
5301990,2021,Low,48.488725,-122.62398,WA,Anacortes,"Anacortes, WA"
5301990,2022,Low,48.488725,-122.62398,WA,Anacortes,"Anacortes, WA"
5304615,2009,Low,46.6277378,-123.9550347,WA,Bay Center,"Bay Center, WA"
5304615,2010,Medium High,46.6207532,-123.9531823,WA,Bay Center,"Bay Center, WA"
5304615,2011,High,46.6207532,-123.9531823,WA,Bay Center,"Bay Center, WA"
5304615,2012,High,46.62075,-123.95318,WA,Bay Center,"Bay Center, WA"
5304615,2013,Medium High,46.6207532,-123.9531823,WA,Bay Center,"Bay Center, WA"
5304615,2014,High,46.62075,-123.95318,WA,Bay Center,"Bay Center, WA"
5304615,2015,Medium High,46.62075,-123.95318,WA,Bay Center,"Bay Center, WA"
5304615,2016,Medium High,46.6207533,-123.9531823,WA,Bay Center,"Bay Center, WA"
5304615,2017,Medium,46.6207533,-123.9531823,WA,Bay Center,"Bay Center, WA"
5304615,2018,High,46.6207533,-123.9531823,WA,Bay Center,"Bay Center, WA"
5304615,2019,Medium High,46.620753,-123.953182,WA,Bay Center,"Bay Center, WA"
5304615,2020,Medium High,46.620753,-123.953182,WA,Bay Center,"Bay Center, WA"
5304615,2021,Low,46.620753,-123.953182,WA,Bay Center,"Bay Center, WA"
5304615,2022,Low,46.620753,-123.953182,WA,Bay Center,"Bay Center, WA"
5305280,2009,Medium,48.746883,-122.4762947,WA,Bellingham,"Bellingham, WA"
5305280,2010,Medium,48.7526197,-122.469657,WA,Bellingham,"Bellingham, WA"
5305280,2011,Medium,48.7526197,-122.469657,WA,Bellingham,"Bellingham, WA"
5305280,2012,Medium,48.75262,-122.46966,WA,Bellingham,"Bellingham, WA"
5305280,2013,Medium,48.7526197,-122.469657,WA,Bellingham,"Bellingham, WA"
5305280,2014,Medium,48.75262,-122.46966,WA,Bellingham,"Bellingham, WA"
5305280,2015,Medium,48.75262,-122.46966,WA,Bellingham,"Bellingham, WA"
5305280,2016,Medium,48.7534421,-122.4701786,WA,Bellingham,"Bellingham, WA"
5305280,2017,Low,48.7534421,-122.4701786,WA,Bellingham,"Bellingham, WA"
5305280,2018,Low,48.7534421,-122.4701786,WA,Bellingham,"Bellingham, WA"
5305280,2019,Low,48.753442,-122.470179,WA,Bellingham,"Bellingham, WA"
5305280,2020,Low,48.753442,-122.470179,WA,Bellingham,"Bellingham, WA"
5305280,2021,Low,48.753442,-122.470179,WA,Bellingham,"Bellingham, WA"
5305280,2022,Low,48.753442,-122.470179,WA,Bellingham,"Bellingham, WA"
5312315,2009,High,46.275503,-123.9422333,WA,Chinook,"Chinook, WA"
5312315,2010,High,46.275503,-123.9422333,WA,Chinook,"Chinook, WA"
5312315,2011,High,46.275503,-123.9422333,WA,Chinook,"Chinook, WA"
5312315,2012,Medium,46.2755,-123.94223,WA,Chinook,"Chinook, WA"
5312315,2013,Low,46.275503,-123.9422333,WA,Chinook,"Chinook, WA"
5312315,2014,Low,46.2755,-123.94223,WA,Chinook,"Chinook, WA"
5312315,2015,Low,46.2755,-123.94223,WA,Chinook,"Chinook, WA"
5312315,2016,Low,46.275503,-123.9422333,WA,Chinook,"Chinook, WA"
5312315,2017,Low,46.275503,-123.9422333,WA,Chinook,"Chinook, WA"
5312315,2018,Low,46.275503,-123.9422333,WA,Chinook,"Chinook, WA"
5312315,2019,Low,46.275503,-123.942233,WA,Chinook,"Chinook, WA"
5312315,2020,Low,46.275503,-123.942233,WA,Chinook,"Chinook, WA"
5312315,2021,Low,46.275503,-123.942233,WA,Chinook,"Chinook, WA"
5312315,2022,Low,46.275503,-123.942233,WA,Chinook,"Chinook, WA"
5333000,2009,Medium,46.3106009,-124.0410021,WA,Ilwaco,"Ilwaco, WA"
5333000,2010,Medium,46.3126873,-124.0267319,WA,Ilwaco,"Ilwaco, WA"
5333000,2011,Medium High,46.3126873,-124.0267319,WA,Ilwaco,"Ilwaco, WA"
5333000,2012,Medium High,46.31269,-124.02673,WA,Ilwaco,"Ilwaco, WA"
5333000,2013,Medium,46.3126873,-124.0267319,WA,Ilwaco,"Ilwaco, WA"
5333000,2014,Medium High,46.31269,-124.02673,WA,Ilwaco,"Ilwaco, WA"
5333000,2015,Medium High,46.31269,-124.02673,WA,Ilwaco,"Ilwaco, WA"
5333000,2016,Medium,46.3107646,-124.0410957,WA,Ilwaco,"Ilwaco, WA"
5333000,2017,Medium,46.3107646,-124.0410957,WA,Ilwaco,"Ilwaco, WA"
5333000,2018,Medium High,46.3107646,-124.0410957,WA,Ilwaco,"Ilwaco, WA"
5333000,2019,Medium High,46.312687,-124.026732,WA,Ilwaco,"Ilwaco, WA"
5333000,2020,Medium High,46.312687,-124.026732,WA,Ilwaco,"Ilwaco, WA"
5333000,2021,Medium High,46.312687,-124.026732,WA,Ilwaco,"Ilwaco, WA"
5333000,2022,Medium High,46.312687,-124.026732,WA,Ilwaco,"Ilwaco, WA"
5348295,2009,High,48.3609759,-124.6115441,WA,Neah Bay,"Neah Bay, WA"
5348295,2010,High,48.3609759,-124.6115441,WA,Neah Bay,"Neah Bay, WA"
5348295,2011,High,48.3609759,-124.6115441,WA,Neah Bay,"Neah Bay, WA"
5348295,2012,High,48.36098,-124.61154,WA,Neah Bay,"Neah Bay, WA"
5348295,2013,High,48.3609759,-124.6115441,WA,Neah Bay,"Neah Bay, WA"
5348295,2014,High,48.36098,-124.61154,WA,Neah Bay,"Neah Bay, WA"
5348295,2015,High,48.36098,-124.61154,WA,Neah Bay,"Neah Bay, WA"
5348295,2016,High,48.3609759,-124.611544,WA,Neah Bay,"Neah Bay, WA"
5348295,2017,High,48.3609759,-124.611544,WA,Neah Bay,"Neah Bay, WA"
5348295,2018,High,48.3609759,-124.611544,WA,Neah Bay,"Neah Bay, WA"
5348295,2019,High,48.360976,-124.611544,WA,Neah Bay,"Neah Bay, WA"
5348295,2020,High,48.360976,-124.611544,WA,Neah Bay,"Neah Bay, WA"
5348295,2021,High,48.360976,-124.611544,WA,Neah Bay,"Neah Bay, WA"
5348295,2022,Medium High,48.360976,-124.611544,WA,Neah Bay,"Neah Bay, WA"
5351300,2010,Low,47.041398,-122.8967742,WA,Olympia,"Olympia, WA"
5351300,2011,Medium High,47.041398,-122.8967742,WA,Olympia,"Olympia, WA"
5351300,2012,Low,47.041398,-122.8967742,WA,Olympia,"Olympia, WA"
5351300,2013,Low,47.041398,-122.8967742,WA,Olympia,"Olympia, WA"
5351300,2014,Low,47.0414,-122.89677,WA,Olympia,"Olympia, WA"
5351300,2015,Medium,47.0414,-122.89677,WA,Olympia,"Olympia, WA"
5351300,2016,Medium,47.0406042,-122.8950005,WA,Olympia,"Olympia, WA"
5351300,2017,Medium,47.0406042,-122.8950005,WA,Olympia,"Olympia, WA"
5351300,2018,Medium,47.0406042,-122.8950005,WA,Olympia,"Olympia, WA"
5351300,2019,Medium,47.040604,-122.895,WA,Olympia,"Olympia, WA"
5351300,2020,Medium,47.040604,-122.895,WA,Olympia,"Olympia, WA"
5351300,2021,Low,47.040604,-122.895,WA,Olympia,"Olympia, WA"
5351300,2022,Medium,47.040604,-122.895,WA,Olympia,"Olympia, WA"
5363000,2009,Low,47.6204993,-122.3508761,WA,Seattle,"Seattle, WA"
5363000,2010,Low,47.6204993,-122.2346659,WA,Seattle,"Seattle, WA"
5363000,2011,Low,47.6204993,-122.2346659,WA,Seattle,"Seattle, WA"
5363000,2012,Low,47.6204993,-122.23467,WA,Seattle,"Seattle, WA"
5363000,2013,Low,47.6204993,-122.2346659,WA,Seattle,"Seattle, WA"
5363000,2014,Low,47.6204993,-122.23467,WA,Seattle,"Seattle, WA"
5363000,2015,Low,47.6204993,-122.23467,WA,Seattle,"Seattle, WA"
5363000,2016,Low,47.6204993,-122.3508761,WA,Seattle,"Seattle, WA"
5363000,2017,Low,47.6193489,-122.3514706,WA,Seattle,"Seattle, WA"
5363000,2018,Low,47.6204993,-122.3514706,WA,Seattle,"Seattle, WA"
5363000,2019,Low,47.619349,-122.351471,WA,Seattle,"Seattle, WA"
5363000,2020,Low,47.619349,-122.351471,WA,Seattle,"Seattle, WA"
5363000,2021,Low,47.619349,-122.351471,WA,Seattle,"Seattle, WA"
5363000,2022,Low,47.619349,-122.351471,WA,Seattle,"Seattle, WA"
5363735,2010,High,47.2190458,-122.3424138,WA,Shelton,"Shelton, WA"
5363735,2011,Low,47.2190458,-123.1133272,WA,Shelton,"Shelton, WA"
5363735,2012,High,47.2190458,-123.1133272,WA,Shelton,"Shelton, WA"
5363735,2013,High,47.2190458,-123.1133272,WA,Shelton,"Shelton, WA"
5363735,2014,Medium High,47.2190458,-122.34241,WA,Shelton,"Shelton, WA"
5363735,2015,High,47.2190458,-122.34241,WA,Shelton,"Shelton, WA"
5363735,2016,High,47.2190458,-123.1131366,WA,Shelton,"Shelton, WA"
5363735,2017,High,47.2190458,-123.1131366,WA,Shelton,"Shelton, WA"
5363735,2018,High,47.2190458,-123.1131366,WA,Shelton,"Shelton, WA"
5363735,2019,High,47.218912,-123.11119,WA,Shelton,"Shelton, WA"
5363735,2020,High,47.218912,-123.11119,WA,Shelton,"Shelton, WA"
5363735,2021,High,47.218912,-123.11119,WA,Shelton,"Shelton, WA"
5363735,2022,High,47.218912,-123.11119,WA,Shelton,"Shelton, WA"
5371680,2009,Low,46.7087805,-123.983386,WA,Tokeland,"Tokeland, WA"
5371680,2010,Low,46.7087805,-123.983386,WA,Tokeland,"Tokeland, WA"
5371680,2011,Low,46.7087805,-123.983386,WA,Tokeland,"Tokeland, WA"
5371680,2012,High,46.70878,-123.98339,WA,Tokeland,"Tokeland, WA"
5371680,2013,Medium High,46.7087805,-123.983386,WA,Tokeland,"Tokeland, WA"
5371680,2014,Medium,46.70878,-123.98339,WA,Tokeland,"Tokeland, WA"
5371680,2015,Medium High,46.70878,-123.98339,WA,Tokeland,"Tokeland, WA"
5371680,2016,Medium High,46.7087805,-123.983386,WA,Tokeland,"Tokeland, WA"
5371680,2017,Medium,46.7087805,-123.983386,WA,Tokeland,"Tokeland, WA"
5371680,2018,High,46.7087805,-123.983386,WA,Tokeland,"Tokeland, WA"
5371680,2019,Medium High,46.708781,-123.983386,WA,Tokeland,"Tokeland, WA"
5371680,2020,High,46.708781,-123.983386,WA,Tokeland,"Tokeland, WA"
5371680,2021,High,46.708781,-123.983386,WA,Tokeland,"Tokeland, WA"
5371680,2022,High,46.708781,-123.983386,WA,Tokeland,"Tokeland, WA"
5377630,2009,High,46.8918796,-124.1199274,WA,Westport,"Westport, WA"
5377630,2010,High,46.3138081,-119.3877682,WA,Westport,"Westport, WA"
5377630,2011,High,46.3138081,-119.3877682,WA,Westport,"Westport, WA"
5377630,2012,High,46.31381,-119.38777,WA,Westport,"Westport, WA"
5377630,2013,Medium High,46.3138081,-119.3877682,WA,Westport,"Westport, WA"
5377630,2014,Medium High,46.31381,-119.38777,WA,Westport,"Westport, WA"
5377630,2015,High,46.31381,-119.38777,WA,Westport,"Westport, WA"
5377630,2016,High,46.8917744,-124.1198261,WA,Westport,"Westport, WA"
5377630,2017,High,46.8917744,-124.1198261,WA,Westport,"Westport, WA"
5377630,2018,High,46.8918154,-124.1198468,WA,Westport,"Westport, WA"
5377630,2019,High,46.891815,-124.119847,WA,Westport,"Westport, WA"
5377630,2020,Medium High,46.891815,-124.119847,WA,Westport,"Westport, WA"
5377630,2021,Medium High,46.891815,-124.119847,WA,Westport,"Westport, WA"
5377630,2022,High,46.891815,-124.119847,WA,Westport,"Westport, WA"
603274,2009,Low,33.3348088,-118.3293627,CA,Avalon,"Avalon, CA"
603274,2010,Low,33.332675,-118.3301655,CA,Avalon,"Avalon, CA"
603274,2011,Low,33.332675,-118.3301655,CA,Avalon,"Avalon, CA"
603274,2012,Low,33.33268,-118.33017,CA,Avalon,"Avalon, CA"
603274,2013,Low,33.332675,-118.3301655,CA,Avalon,"Avalon, CA"
603274,2014,Medium,33.33268,-118.33017,CA,Avalon,"Avalon, CA"
603274,2015,Medium,33.33268,-118.33017,CA,Avalon,"Avalon, CA"
603274,2016,Medium,33.324043,-118.334699,CA,Avalon,"Avalon, CA"
603274,2017,Medium,33.324043,-118.334699,CA,Avalon,"Avalon, CA"
603274,2018,Low,33.3423288,-118.3160628,CA,Avalon,"Avalon, CA"
603274,2019,Low,33.343335,-118.317615,CA,Avalon,"Avalon, CA"
603274,2020,Low,33.343335,-118.317615,CA,Avalon,"Avalon, CA"
603274,2021,Low,33.343335,-118.317615,CA,Avalon,"Avalon, CA"
603274,2022,Low,33.343335,-118.317615,CA,Avalon,"Avalon, CA"
607260,2009,Low,38.3255684,-123.027465,CA,Bodega Bay,"Bodega Bay, CA"
607260,2010,Low,38.3194096,-123.0306154,CA,Bodega Bay,"Bodega Bay, CA"
607260,2011,Low,38.3194096,-123.0306154,CA,Bodega Bay,"Bodega Bay, CA"
607260,2012,Low,38.31941,-123.03062,CA,Bodega Bay,"Bodega Bay, CA"
607260,2013,Low,38.3194096,-123.0306154,CA,Bodega Bay,"Bodega Bay, CA"
607260,2014,Low,38.31941,-123.03062,CA,Bodega Bay,"Bodega Bay, CA"
607260,2015,Low,38.31941,-123.03062,CA,Bodega Bay,"Bodega Bay, CA"
607260,2016,Low,38.3275057,-123.0300219,CA,Bodega Bay,"Bodega Bay, CA"
607260,2017,Low,38.3275057,-123.0300219,CA,Bodega Bay,"Bodega Bay, CA"
607260,2018,Low,38.3275057,-123.0300219,CA,Bodega Bay,"Bodega Bay, CA"
607260,2019,Low,38.327215,-123.02923,CA,Bodega Bay,"Bodega Bay, CA"
607260,2020,Low,38.327215,-123.02923,CA,Bodega Bay,"Bodega Bay, CA"
607260,2021,Low,38.327215,-123.02923,CA,Bodega Bay,"Bodega Bay, CA"
607260,2022,Low,38.327215,-123.02923,CA,Bodega Bay,"Bodega Bay, CA"
607316,2009,Low,37.9051815,-122.6982442,CA,Bolinas,"Bolinas, CA"
607316,2010,Low,37.9177251,-122.7095023,CA,Bolinas,"Bolinas, CA"
607316,2011,Low,37.9177251,-122.7095023,CA,Bolinas,"Bolinas, CA"
607316,2012,Low,37.91773,-122.7095,CA,Bolinas,"Bolinas, CA"
607316,2013,Low,37.9177251,-122.7095023,CA,Bolinas,"Bolinas, CA"
607316,2014,Low,37.91773,-122.7095,CA,Bolinas,"Bolinas, CA"
607316,2015,Low,37.91773,-122.7095,CA,Bolinas,"Bolinas, CA"
607316,2016,Low,37.9177251,-122.7095023,CA,Bolinas,"Bolinas, CA"
607316,2017,Low,37.9177251,-122.7095023,CA,Bolinas,"Bolinas, CA"
607316,2018,Low,37.9177251,-122.7095023,CA,Bolinas,"Bolinas, CA"
607316,2019,Low,37.917725,-122.709502,CA,Bolinas,"Bolinas, CA"
607316,2020,Low,37.917725,-122.709502,CA,Bolinas,"Bolinas, CA"
607316,2021,Medium,37.917725,-122.709502,CA,Bolinas,"Bolinas, CA"
607316,2022,Medium,37.917725,-122.709502,CA,Bolinas,"Bolinas, CA"
617022,2009,High,41.7543807,-124.2060335,CA,Crescent City,"Crescent City, CA"
617022,2010,High,41.7665079,-124.1989453,CA,Crescent City,"Crescent City, CA"
617022,2011,High,41.7665079,-124.1989453,CA,Crescent City,"Crescent City, CA"
617022,2012,High,41.76651,-124.19895,CA,Crescent City,"Crescent City, CA"
617022,2013,High,41.7665079,-124.1989453,CA,Crescent City,"Crescent City, CA"
617022,2014,High,41.76651,-124.19895,CA,Crescent City,"Crescent City, CA"
617022,2015,High,41.76651,-124.19895,CA,Crescent City,"Crescent City, CA"
617022,2016,High,41.7645143,-124.2007785,CA,Crescent City,"Crescent City, CA"
617022,2017,High,41.7645143,-124.2007785,CA,Crescent City,"Crescent City, CA"
617022,2018,High,41.7645143,-124.2007785,CA,Crescent City,"Crescent City, CA"
617022,2019,High,41.764514,-124.200779,CA,Crescent City,"Crescent City, CA"
617022,2020,High,41.764514,-124.200779,CA,Crescent City,"Crescent City, CA"
617022,2021,High,41.764514,-124.200779,CA,Crescent City,"Crescent City, CA"
617022,2022,High,41.764514,-124.200779,CA,Crescent City,"Crescent City, CA"
617946,2009,Low,33.4604949,-117.7139154,CA,Dana Point,"Dana Point, CA"
617946,2010,Low,33.4604949,-117.7139154,CA,Dana Point,"Dana Point, CA"
617946,2011,Low,33.4604949,-117.7139154,CA,Dana Point,"Dana Point, CA"
617946,2012,Low,33.46049,-117.71392,CA,Dana Point,"Dana Point, CA"
617946,2013,Low,33.4604949,-117.7139154,CA,Dana Point,"Dana Point, CA"
617946,2014,Low,33.46049,-117.71392,CA,Dana Point,"Dana Point, CA"
617946,2015,Low,33.46049,-117.71392,CA,Dana Point,"Dana Point, CA"
617946,2016,Low,33.4632594,-117.7130166,CA,Dana Point,"Dana Point, CA"
617946,2017,Low,33.4632594,-117.7130166,CA,Dana Point,"Dana Point, CA"
617946,2018,Low,33.4593139,-117.7037101,CA,Dana Point,"Dana Point, CA"
617946,2019,Low,33.475452,-117.693087,CA,Dana Point,"Dana Point, CA"
617946,2020,Low,33.475452,-117.693087,CA,Dana Point,"Dana Point, CA"
617946,2021,Low,33.475452,-117.693087,CA,Dana Point,"Dana Point, CA"
617946,2022,Low,33.475452,-117.693087,CA,Dana Point,"Dana Point, CA"
618506,2009,Low,32.9628313,-117.2623926,CA,Del Mar,"Del Mar, CA"
618506,2010,Low,32.9628313,-117.2623926,CA,Del Mar,"Del Mar, CA"
618506,2011,Low,32.9628313,-117.2623926,CA,Del Mar,"Del Mar, CA"
618506,2012,Low,32.96283,-117.26239,CA,Del Mar,"Del Mar, CA"
618506,2013,Low,32.9628313,-117.2623926,CA,Del Mar,"Del Mar, CA"
618506,2014,Low,32.96283,-117.26239,CA,Del Mar,"Del Mar, CA"
618506,2015,Low,32.96283,-117.26239,CA,Del Mar,"Del Mar, CA"
618506,2016,Low,32.9628522,-117.2624379,CA,Del Mar,"Del Mar, CA"
618506,2017,Low,32.9628522,-117.2624379,CA,Del Mar,"Del Mar, CA"
618506,2018,Low,32.9628522,-117.2624379,CA,Del Mar,"Del Mar, CA"
618506,2019,Low,32.962852,-117.262438,CA,Del Mar,"Del Mar, CA"
618506,2020,Low,32.962852,-117.262438,CA,Del Mar,"Del Mar, CA"
618506,2021,Low,32.962852,-117.262438,CA,Del Mar,"Del Mar, CA"
618506,2022,Low,32.962852,-117.262438,CA,Del Mar,"Del Mar, CA"
619262,2009,Low,38.2434883,-122.955955,CA,Dillon Beach,"Dillon Beach, CA"
619262,2010,Low,38.2434883,-122.955955,CA,Dillon Beach,"Dillon Beach, CA"
619262,2011,Medium High,38.2434883,-122.955955,CA,Dillon Beach,"Dillon Beach, CA"
619262,2012,Medium High,38.24349,-122.95596,CA,Dillon Beach,"Dillon Beach, CA"
619262,2013,Low,38.2434883,-122.955955,CA,Dillon Beach,"Dillon Beach, CA"
619262,2014,Medium High,38.24349,-122.95596,CA,Dillon Beach,"Dillon Beach, CA"
619262,2015,Medium,38.24349,-122.95596,CA,Dillon Beach,"Dillon Beach, CA"
619262,2016,Low,38.2434883,-122.955955,CA,Dillon Beach,"Dillon Beach, CA"
619262,2017,Low,38.2434883,-122.955955,CA,Dillon Beach,"Dillon Beach, CA"
619262,2018,Low,38.2434883,-122.955955,CA,Dillon Beach,"Dillon Beach, CA"
619262,2019,Low,38.243488,-122.955955,CA,Dillon Beach,"Dillon Beach, CA"
619262,2020,Low,38.243488,-122.955955,CA,Dillon Beach,"Dillon Beach, CA"
619262,2021,Low,38.243488,-122.955955,CA,Dillon Beach,"Dillon Beach, CA"
619262,2022,Low,38.243488,-122.955955,CA,Dillon Beach,"Dillon Beach, CA"
621936,2009,Low,37.521253,-122.4708033,CA,El Granada,"El Granada, CA"
621936,2010,Low,37.5142475,-122.4651477,CA,El Granada,"El Granada, CA"
621936,2011,Low,37.5142475,-122.4651477,CA,El Granada,"El Granada, CA"
621936,2012,Low,37.51425,-122.46515,CA,El Granada,"El Granada, CA"
621936,2013,Low,37.5142475,-122.4651477,CA,El Granada,"El Granada, CA"
621936,2014,Low,37.51425,-122.46515,CA,El Granada,"El Granada, CA"
621936,2015,Low,37.51425,-122.46515,CA,El Granada,"El Granada, CA"
621936,2016,Low,37.521199,-122.4709046,CA,El Granada,"El Granada, CA"
621936,2017,Low,37.521199,-122.4709046,CA,El Granada,"El Granada, CA"
621936,2018,Low,37.52092,-122.4708196,CA,El Granada,"El Granada, CA"
621936,2019,Low,37.52092,-122.47082,CA,El Granada,"El Granada, CA"
621936,2020,Low,37.52092,-122.47082,CA,El Granada,"El Granada, CA"
621936,2021,Low,37.52092,-122.47082,CA,El Granada,"El Granada, CA"
621936,2022,Low,37.52092,-122.47082,CA,El Granada,"El Granada, CA"
623042,2009,Medium High,40.793304,-124.1553502,CA,Eureka,"Eureka, CA"
623042,2010,Medium High,40.793304,-124.1553502,CA,Eureka,"Eureka, CA"
623042,2011,Medium High,40.793304,-124.1553502,CA,Eureka,"Eureka, CA"
623042,2012,Medium High,40.7933,-124.15535,CA,Eureka,"Eureka, CA"
623042,2013,Medium High,40.793304,-124.1553502,CA,Eureka,"Eureka, CA"
623042,2014,Medium High,40.7933,-124.15535,CA,Eureka,"Eureka, CA"
623042,2015,Medium High,40.7933,-124.15535,CA,Eureka,"Eureka, CA"
623042,2016,Medium High,40.7934759,-124.1552744,CA,Eureka,"Eureka, CA"
623042,2017,Medium High,40.7934006,-124.1552459,CA,Eureka,"Eureka, CA"
623042,2018,Medium High,40.7934006,-124.1552459,CA,Eureka,"Eureka, CA"
623042,2019,Medium High,40.793401,-124.155246,CA,Eureka,"Eureka, CA"
623042,2020,Medium High,40.793401,-124.155246,CA,Eureka,"Eureka, CA"
623042,2021,Medium High,40.793401,-124.155246,CA,Eureka,"Eureka, CA"
623042,2022,Medium High,40.793401,-124.155246,CA,Eureka,"Eureka, CA"
625058,2009,High,39.4410694,-123.8036201,CA,Fort Bragg,"Fort Bragg, CA"
625058,2010,High,39.4410694,-123.8036201,CA,Fort Bragg,"Fort Bragg, CA"
625058,2011,Medium High,39.4410694,-123.8036201,CA,Fort Bragg,"Fort Bragg, CA"
625058,2012,Medium High,39.44107,-123.80362,CA,Fort Bragg,"Fort Bragg, CA"
625058,2013,Medium High,39.4410694,-123.8036201,CA,Fort Bragg,"Fort Bragg, CA"
625058,2014,Medium High,39.44107,-123.80362,CA,Fort Bragg,"Fort Bragg, CA"
625058,2015,Medium High,39.44107,-123.80362,CA,Fort Bragg,"Fort Bragg, CA"
625058,2016,Medium High,39.4410694,-123.8036201,CA,Fort Bragg,"Fort Bragg, CA"
625058,2017,Medium High,39.4410694,-123.8036201,CA,Fort Bragg,"Fort Bragg, CA"
625058,2018,Medium High,39.4398027,-123.8017566,CA,Fort Bragg,"Fort Bragg, CA"
625058,2019,High,39.439803,-123.801757,CA,Fort Bragg,"Fort Bragg, CA"
625058,2020,High,39.439803,-123.801757,CA,Fort Bragg,"Fort Bragg, CA"
625058,2021,High,39.439803,-123.801757,CA,Fort Bragg,"Fort Bragg, CA"
625058,2022,High,39.439803,-123.801757,CA,Fort Bragg,"Fort Bragg, CA"
631708,2009,Low,37.4674526,-122.4412623,CA,Half Moon Bay,"Half Moon Bay, CA"
631708,2010,Low,37.4667704,-122.4373784,CA,Half Moon Bay,"Half Moon Bay, CA"
631708,2011,Low,37.4667704,-122.4373784,CA,Half Moon Bay,"Half Moon Bay, CA"
631708,2012,Low,37.46677,-122.43738,CA,Half Moon Bay,"Half Moon Bay, CA"
631708,2013,Low,37.4667704,-122.4373784,CA,Half Moon Bay,"Half Moon Bay, CA"
631708,2014,Low,37.46677,-122.43738,CA,Half Moon Bay,"Half Moon Bay, CA"
631708,2015,Low,37.46677,-122.43738,CA,Half Moon Bay,"Half Moon Bay, CA"
631708,2016,Low,37.4673142,-122.4404742,CA,Half Moon Bay,"Half Moon Bay, CA"
631708,2017,Low,37.467319,-122.4404845,CA,Half Moon Bay,"Half Moon Bay, CA"
631708,2018,Low,37.467319,-122.4404845,CA,Half Moon Bay,"Half Moon Bay, CA"
631708,2019,Low,37.467319,-122.440485,CA,Half Moon Bay,"Half Moon Bay, CA"
631708,2020,Low,37.467319,-122.440485,CA,Half Moon Bay,"Half Moon Bay, CA"
631708,2021,Low,37.467319,-122.440485,CA,Half Moon Bay,"Half Moon Bay, CA"
631708,2022,Low,37.467319,-122.440485,CA,Half Moon Bay,"Half Moon Bay, CA"
644000,2009,Medium High,34.1155847,-118.4081476,CA,Los Angeles,"Los Angeles, CA"
644000,2010,Medium High,34.0193936,-118.4108248,CA,Los Angeles,"Los Angeles, CA"
644000,2011,Medium High,34.0193936,-118.4108248,CA,Los Angeles,"Los Angeles, CA"
644000,2012,Medium High,34.01939,-118.41082,CA,Los Angeles,"Los Angeles, CA"
644000,2013,Medium High,34.0193936,-118.4108248,CA,Los Angeles,"Los Angeles, CA"
644000,2014,Medium High,34.01939,-118.41082,CA,Los Angeles,"Los Angeles, CA"
644000,2015,Medium High,34.01939,-118.41082,CA,Los Angeles,"Los Angeles, CA"
644000,2016,Medium High,34.0193936,-118.4108248,CA,Los Angeles,"Los Angeles, CA"
644000,2017,Medium High,34.0193936,-118.4108248,CA,Los Angeles,"Los Angeles, CA"
644000,2018,Medium High,34.0193936,-118.4108248,CA,Los Angeles,"Los Angeles, CA"
644000,2019,Medium High,34.019394,-118.410825,CA,Los Angeles,"Los Angeles, CA"
644000,2020,Medium High,34.019394,-118.410825,CA,Los Angeles,"Los Angeles, CA"
644000,2021,Medium High,34.019394,-118.410825,CA,Los Angeles,"Los Angeles, CA"
644000,2022,Medium High,34.019394,-118.410825,CA,Los Angeles,"Los Angeles, CA"
645806,2009,Low,33.9815095,-118.4532292,CA,Marina del Rey,"Marina del Rey, CA"
645806,2010,Low,33.9815095,-118.4532292,CA,Marina del Rey,"Marina del Rey, CA"
645806,2011,Low,33.9815095,-118.4532292,CA,Marina del Rey,"Marina del Rey, CA"
645806,2012,Low,33.98151,-118.45323,CA,Marina del Rey,"Marina del Rey, CA"
645806,2013,Low,33.9815095,-118.4532292,CA,Marina del Rey,"Marina del Rey, CA"
645806,2014,Low,33.98151,-118.45323,CA,Marina del Rey,"Marina del Rey, CA"
645806,2015,Low,33.98151,-118.45323,CA,Marina del Rey,"Marina del Rey, CA"
645806,2016,Low,33.9764635,-118.4552672,CA,Marina del Rey,"Marina del Rey, CA"
645806,2017,Low,33.9764635,-118.4552672,CA,Marina del Rey,"Marina del Rey, CA"
645806,2018,Low,33.9764634,-118.4552671,CA,Marina del Rey,"Marina del Rey, CA"
645806,2019,Low,33.978841,-118.45251,CA,Marina del Rey,"Marina del Rey, CA"
645806,2020,Low,33.978841,-118.45251,CA,Marina del Rey,"Marina del Rey, CA"
645806,2021,Low,33.978841,-118.45251,CA,Marina del Rey,"Marina del Rey, CA"
645806,2022,Low,33.978841,-118.45251,CA,Marina del Rey,"Marina del Rey, CA"
648872,2009,Low,36.6012904,-121.8825566,CA,Monterey,"Monterey, CA"
648872,2010,Low,36.6012904,-121.8825566,CA,Monterey,"Monterey, CA"
648872,2011,Low,36.6012904,-121.8825566,CA,Monterey,"Monterey, CA"
648872,2012,Low,36.60129,-121.88256,CA,Monterey,"Monterey, CA"
648872,2013,Low,36.6012904,-121.8825566,CA,Monterey,"Monterey, CA"
648872,2014,Low,36.60129,-121.88256,CA,Monterey,"Monterey, CA"
648872,2015,Low,36.60129,-121.88256,CA,Monterey,"Monterey, CA"
648872,2016,Low,36.6012904,-121.8825566,CA,Monterey,"Monterey, CA"
648872,2017,Low,36.6012904,-121.8825566,CA,Monterey,"Monterey, CA"
648872,2018,Low,36.6011875,-121.8832258,CA,Monterey,"Monterey, CA"
648872,2019,Low,36.601193,-121.88311,CA,Monterey,"Monterey, CA"
648872,2020,Low,36.601193,-121.88311,CA,Monterey,"Monterey, CA"
648872,2021,Low,36.601193,-121.88311,CA,Monterey,"Monterey, CA"
648872,2022,Low,36.601193,-121.88311,CA,Monterey,"Monterey, CA"
649362,2009,Medium,35.3674903,-120.8676368,CA,Morro Bay,"Morro Bay, CA"
649362,2010,Low,35.3674903,-120.8676368,CA,Morro Bay,"Morro Bay, CA"
649362,2011,Low,35.3674903,-120.8676368,CA,Morro Bay,"Morro Bay, CA"
649362,2012,Low,35.36749,-120.86764,CA,Morro Bay,"Morro Bay, CA"
649362,2013,Low,35.3674903,-120.8676368,CA,Morro Bay,"Morro Bay, CA"
649362,2014,Low,35.36749,-120.86764,CA,Morro Bay,"Morro Bay, CA"
649362,2015,Low,35.36749,-120.86764,CA,Morro Bay,"Morro Bay, CA"
649362,2016,Low,35.3672891,-120.8692045,CA,Morro Bay,"Morro Bay, CA"
649362,2017,Low,35.3672891,-120.8692045,CA,Morro Bay,"Morro Bay, CA"
649362,2018,Low,35.3645654,-120.8625494,CA,Morro Bay,"Morro Bay, CA"
649362,2019,Medium,35.367289,-120.869205,CA,Morro Bay,"Morro Bay, CA"
649362,2020,Medium,35.367289,-120.869205,CA,Morro Bay,"Morro Bay, CA"
649362,2021,Low,35.367289,-120.869205,CA,Morro Bay,"Morro Bay, CA"
649362,2022,Low,35.367289,-120.869205,CA,Morro Bay,"Morro Bay, CA"
649488,2009,Medium,36.805055,-121.7865554,CA,Moss Landing,"Moss Landing, CA"
649488,2010,Medium,36.805055,-121.7865554,CA,Moss Landing,"Moss Landing, CA"
649488,2011,High,36.805055,-121.7865554,CA,Moss Landing,"Moss Landing, CA"
649488,2012,High,36.80506,-121.78656,CA,Moss Landing,"Moss Landing, CA"
649488,2013,High,36.805055,-121.7865554,CA,Moss Landing,"Moss Landing, CA"
649488,2014,High,36.80506,-121.78656,CA,Moss Landing,"Moss Landing, CA"
649488,2015,High,36.80506,-121.78656,CA,Moss Landing,"Moss Landing, CA"
649488,2016,Medium,36.8053889,-121.786577,CA,Moss Landing,"Moss Landing, CA"
649488,2017,Low,36.8053889,-121.786577,CA,Moss Landing,"Moss Landing, CA"
649488,2018,Low,36.8053889,-121.786577,CA,Moss Landing,"Moss Landing, CA"
649488,2019,Low,36.805389,-121.786577,CA,Moss Landing,"Moss Landing, CA"
649488,2020,Low,36.805389,-121.786577,CA,Moss Landing,"Moss Landing, CA"
649488,2021,High,36.805389,-121.786577,CA,Moss Landing,"Moss Landing, CA"
649488,2022,High,36.805389,-121.786577,CA,Moss Landing,"Moss Landing, CA"
654652,2009,Medium High,34.2023461,-119.2046028,CA,Oxnard,"Oxnard, CA"
654652,2010,Medium High,34.2023461,-119.2046028,CA,Oxnard,"Oxnard, CA"
654652,2011,Medium High,34.2023461,-119.2046028,CA,Oxnard,"Oxnard, CA"
654652,2012,Medium High,34.20235,-119.2046,CA,Oxnard,"Oxnard, CA"
654652,2013,Medium High,34.2023461,-119.2046028,CA,Oxnard,"Oxnard, CA"
654652,2014,Medium High,34.20235,-119.2046,CA,Oxnard,"Oxnard, CA"
654652,2015,Medium High,34.20235,-119.2046,CA,Oxnard,"Oxnard, CA"
654652,2016,Medium High,34.2023461,-119.2046028,CA,Oxnard,"Oxnard, CA"
654652,2017,Medium High,34.1988343,-119.201293,CA,Oxnard,"Oxnard, CA"
654652,2018,Medium High,34.200113,-119.2073895,CA,Oxnard,"Oxnard, CA"
654652,2019,Medium High,34.199436,-119.207515,CA,Oxnard,"Oxnard, CA"
654652,2020,Medium High,34.199436,-119.207515,CA,Oxnard,"Oxnard, CA"
654652,2021,Medium High,34.199436,-119.207515,CA,Oxnard,"Oxnard, CA"
654652,2022,Medium,34.199436,-119.207515,CA,Oxnard,"Oxnard, CA"
657876,2009,Medium High,38.9122983,-123.6957747,CA,Point Arena,"Point Arena, CA"
657876,2010,High,38.9123087,-123.6957623,CA,Point Arena,"Point Arena, CA"
657876,2011,High,38.9123087,-123.6957623,CA,Point Arena,"Point Arena, CA"
657876,2012,High,38.91231,-123.69576,CA,Point Arena,"Point Arena, CA"
657876,2013,Medium High,38.9123087,-123.6957623,CA,Point Arena,"Point Arena, CA"
657876,2014,Medium High,38.91231,-123.69576,CA,Point Arena,"Point Arena, CA"
657876,2015,Low,38.91231,-123.69576,CA,Point Arena,"Point Arena, CA"
657876,2016,Medium,38.9123087,-123.6957623,CA,Point Arena,"Point Arena, CA"
657876,2017,Medium,38.9123138,-123.6955932,CA,Point Arena,"Point Arena, CA"
657876,2018,Medium,38.9123138,-123.6955932,CA,Point Arena,"Point Arena, CA"
657876,2019,High,38.912314,-123.695593,CA,Point Arena,"Point Arena, CA"
657876,2020,Medium High,38.912314,-123.695593,CA,Point Arena,"Point Arena, CA"
657876,2021,Medium,38.912314,-123.695593,CA,Point Arena,"Point Arena, CA"
657876,2022,Medium,38.912314,-123.695593,CA,Point Arena,"Point Arena, CA"
658296,2009,Medium High,34.1621431,-119.2041771,CA,Port Hueneme,"Port Hueneme, CA"
658296,2010,Medium High,34.1621431,-119.2041771,CA,Port Hueneme,"Port Hueneme, CA"
658296,2011,Medium High,34.1621431,-119.2041771,CA,Port Hueneme,"Port Hueneme, CA"
658296,2012,Medium High,34.16214,-119.20418,CA,Port Hueneme,"Port Hueneme, CA"
658296,2013,Medium High,34.1621431,-119.2041771,CA,Port Hueneme,"Port Hueneme, CA"
658296,2014,Medium High,34.16214,-119.20418,CA,Port Hueneme,"Port Hueneme, CA"
658296,2015,Medium High,34.16214,-119.20418,CA,Port Hueneme,"Port Hueneme, CA"
658296,2016,Medium,34.1621431,-119.2041771,CA,Port Hueneme,"Port Hueneme, CA"
658296,2017,Medium,34.1621431,-119.2041771,CA,Port Hueneme,"Port Hueneme, CA"
658296,2018,Medium,34.1621431,-119.2041771,CA,Port Hueneme,"Port Hueneme, CA"
658296,2019,Medium,34.162143,-119.204177,CA,Port Hueneme,"Port Hueneme, CA"
658296,2020,Medium,34.162143,-119.204177,CA,Port Hueneme,"Port Hueneme, CA"
658296,2021,Medium,34.162143,-119.204177,CA,Port Hueneme,"Port Hueneme, CA"
658296,2022,Medium,34.162143,-119.204177,CA,Port Hueneme,"Port Hueneme, CA"
665042,2009,Low,34.2657405,-119.258512,CA,San Buenaventura (Ventura),"San Buenaventura (Ventura), CA"
665042,2010,Low,34.268127,-119.2550255,CA,San Buenaventura (Ventura),"San Buenaventura (Ventura), CA"
665042,2011,Low,34.268127,-119.2550255,CA,San Buenaventura (Ventura),"San Buenaventura (Ventura), CA"
665042,2012,Low,34.26813,-119.25503,CA,San Buenaventura (Ventura),"San Buenaventura (Ventura), CA"
665042,2013,Low,34.268127,-119.2550255,CA,San Buenaventura (Ventura),"San Buenaventura (Ventura), CA"
665042,2014,Low,34.26813,-119.25503,CA,San Buenaventura (Ventura),"San Buenaventura (Ventura), CA"
665042,2015,Low,34.26813,-119.25503,CA,San Buenaventura (Ventura),"San Buenaventura (Ventura), CA"
665042,2016,Low,34.2677796,-119.2542062,CA,San Buenaventura (Ventura),"San Buenaventura (Ventura), CA"
665042,2017,Low,34.2677796,-119.2542062,CA,San Buenaventura (Ventura),"San Buenaventura (Ventura), CA"
665042,2018,Low,34.2677796,-119.2542062,CA,San Buenaventura (Ventura),"San Buenaventura (Ventura), CA"
665042,2019,Low,34.26778,-119.254206,CA,San Buenaventura (Ventura),"San Buenaventura (Ventura), CA"
665042,2020,Low,34.26778,-119.254206,CA,San Buenaventura (Ventura),"San Buenaventura (Ventura), CA"
665042,2021,Low,34.26778,-119.254206,CA,San Buenaventura (Ventura),"San Buenaventura (Ventura), CA"
665042,2022,Low,34.26778,-119.254206,CA,San Buenaventura (Ventura),"San Buenaventura (Ventura), CA"
666000,2009,Medium,32.8152995,-117.134993,CA,San Diego,"San Diego, CA"
666000,2010,Medium,32.8152995,-117.134993,CA,San Diego,"San Diego, CA"
666000,2011,Medium,32.8152995,-117.134993,CA,San Diego,"San Diego, CA"
666000,2012,Medium,32.8153,-117.13499,CA,San Diego,"San Diego, CA"
666000,2013,Low,32.8152995,-117.134993,CA,San Diego,"San Diego, CA"
666000,2014,Low,32.8153,-117.13499,CA,San Diego,"San Diego, CA"
666000,2015,Medium,32.8153,-117.13499,CA,San Diego,"San Diego, CA"
666000,2016,Low,32.8152995,-117.134993,CA,San Diego,"San Diego, CA"
666000,2017,Low,32.8152995,-117.134993,CA,San Diego,"San Diego, CA"
666000,2018,Low,32.8152995,-117.134993,CA,San Diego,"San Diego, CA"
666000,2019,Low,32.814977,-117.135562,CA,San Diego,"San Diego, CA"
666000,2020,Low,32.814977,-117.135562,CA,San Diego,"San Diego, CA"
666000,2021,Low,32.814977,-117.135562,CA,San Diego,"San Diego, CA"
666000,2022,Low,32.814977,-117.135562,CA,San Diego,"San Diego, CA"
667000,2009,Low,37.7272391,-123.0322294,CA,San Francisco,"San Francisco, CA"
667000,2010,Low,37.7272391,-123.0322294,CA,San Francisco,"San Francisco, CA"
667000,2011,Low,37.7272391,-123.0322294,CA,San Francisco,"San Francisco, CA"
667000,2012,Low,37.72724,-123.03223,CA,San Francisco,"San Francisco, CA"
667000,2013,Low,37.7272391,-123.0322294,CA,San Francisco,"San Francisco, CA"
667000,2014,Low,37.72724,-123.03223,CA,San Francisco,"San Francisco, CA"
667000,2015,Low,37.72724,-123.03223,CA,San Francisco,"San Francisco, CA"
667000,2016,Low,37.7272391,-123.0322294,CA,San Francisco,"San Francisco, CA"
667000,2017,Low,37.7272391,-123.0322294,CA,San Francisco,"San Francisco, CA"
667000,2018,Low,37.7272391,-123.0322294,CA,San Francisco,"San Francisco, CA"
667000,2019,Low,37.727239,-123.032229,CA,San Francisco,"San Francisco, CA"
667000,2020,Low,37.727239,-123.032229,CA,San Francisco,"San Francisco, CA"
667000,2021,Low,37.727239,-123.032229,CA,San Francisco,"San Francisco, CA"
667000,2022,Low,37.727239,-123.032229,CA,San Francisco,"San Francisco, CA"
669070,2009,Low,34.398899,-119.7133561,CA,Santa Barbara,"Santa Barbara, CA"
669070,2010,Low,34.398899,-119.7133561,CA,Santa Barbara,"Santa Barbara, CA"
669070,2011,Low,34.398899,-119.7133561,CA,Santa Barbara,"Santa Barbara, CA"
669070,2012,Low,34.3989,-119.71336,CA,Santa Barbara,"Santa Barbara, CA"
669070,2013,Low,34.398899,-119.7133561,CA,Santa Barbara,"Santa Barbara, CA"
669070,2014,Low,34.3989,-119.71336,CA,Santa Barbara,"Santa Barbara, CA"
669070,2015,Low,34.3989,-119.71336,CA,Santa Barbara,"Santa Barbara, CA"
669070,2016,Low,34.4006009,-119.7129545,CA,Santa Barbara,"Santa Barbara, CA"
669070,2017,Low,34.4006009,-119.7129545,CA,Santa Barbara,"Santa Barbara, CA"
669070,2018,Low,34.4006009,-119.7129545,CA,Santa Barbara,"Santa Barbara, CA"
669070,2019,Low,34.400601,-119.712955,CA,Santa Barbara,"Santa Barbara, CA"
669070,2020,Low,34.400601,-119.712955,CA,Santa Barbara,"Santa Barbara, CA"
669070,2021,Low,34.400601,-119.712955,CA,Santa Barbara,"Santa Barbara, CA"
669070,2022,Low,34.400601,-119.712955,CA,Santa Barbara,"Santa Barbara, CA"
671372,2010,Low,40.0389556,-124.0558256,CA,Shelter Cove,"Shelter Cove, CA"
671372,2011,Low,40.0389556,-124.0558256,CA,Shelter Cove,"Shelter Cove, CA"
671372,2012,Medium,40.03896,-124.05583,CA,Shelter Cove,"Shelter Cove, CA"
671372,2013,Medium,40.0389556,-124.0558256,CA,Shelter Cove,"Shelter Cove, CA"
671372,2014,Medium High,40.03896,-124.05583,CA,Shelter Cove,"Shelter Cove, CA"
671372,2015,Medium High,40.03896,-124.05583,CA,Shelter Cove,"Shelter Cove, CA"
671372,2016,Medium High,40.0389543,-124.0558247,CA,Shelter Cove,"Shelter Cove, CA"
671372,2017,Medium,40.0389543,-124.0558247,CA,Shelter Cove,"Shelter Cove, CA"
671372,2018,Medium,40.0389543,-124.0558247,CA,Shelter Cove,"Shelter Cove, CA"
671372,2019,Medium High,40.038954,-124.055825,CA,Shelter Cove,"Shelter Cove, CA"
671372,2020,Medium High,40.038954,-124.055825,CA,Shelter Cove,"Shelter Cove, CA"
671372,2021,Medium High,40.038954,-124.055825,CA,Shelter Cove,"Shelter Cove, CA"
671372,2022,Medium High,40.038954,-124.055825,CA,Shelter Cove,"Shelter Cove, CA"
675714,2009,Low,34.4284117,-119.593075,CA,Summerland,"Summerland, CA"
675714,2010,Low,34.4284117,-119.593075,CA,Summerland,"Summerland, CA"
675714,2011,Low,34.4284117,-119.593075,CA,Summerland,"Summerland, CA"
675714,2012,Low,34.42841,-119.59308,CA,Summerland,"Summerland, CA"
675714,2013,Low,34.4284117,-119.593075,CA,Summerland,"Summerland, CA"
675714,2014,Low,34.42841,-119.59308,CA,Summerland,"Summerland, CA"
675714,2015,Low,34.42841,-119.59308,CA,Summerland,"Summerland, CA"
675714,2016,Low,34.4284117,-119.593075,CA,Summerland,"Summerland, CA"
675714,2017,Low,34.4284117,-119.593075,CA,Summerland,"Summerland, CA"
675714,2018,Low,34.4284117,-119.593075,CA,Summerland,"Summerland, CA"
675714,2019,Low,34.428412,-119.593075,CA,Summerland,"Summerland, CA"
675714,2020,Low,34.428412,-119.593075,CA,Summerland,"Summerland, CA"
675714,2021,Low,34.428412,-119.593075,CA,Summerland,"Summerland, CA"
675714,2022,Low,34.428412,-119.593075,CA,Summerland,"Summerland, CA"
678890,2009,Low,38.2470303,-122.9053554,CA,Tomales,"Tomales, CA"
678890,2010,Low,38.2470303,-122.9053554,CA,Tomales,"Tomales, CA"
678890,2011,Low,38.2470303,-122.9053554,CA,Tomales,"Tomales, CA"
678890,2012,Low,38.24703,-122.90536,CA,Tomales,"Tomales, CA"
678890,2013,Low,38.2470303,-122.9053554,CA,Tomales,"Tomales, CA"
678890,2014,Low,38.24703,-122.90536,CA,Tomales,"Tomales, CA"
678890,2015,Low,38.24703,-122.90536,CA,Tomales,"Tomales, CA"
678890,2016,Low,38.2470303,-122.9053554,CA,Tomales,"Tomales, CA"
678890,2017,Low,38.2470303,-122.9053554,CA,Tomales,"Tomales, CA"
678890,2018,Low,38.2470303,-122.9053554,CA,Tomales,"Tomales, CA"
678890,2019,Low,38.24703,-122.905355,CA,Tomales,"Tomales, CA"
678890,2020,Low,38.24703,-122.905355,CA,Tomales,"Tomales, CA"
678890,2021,Medium,38.24703,-122.905355,CA,Tomales,"Tomales, CA"
678890,2022,Medium High,38.24703,-122.905355,CA,Tomales,"Tomales, CA"
680448,2009,Low,41.0576255,-124.1430506,CA,Trinidad,"Trinidad, CA"
680448,2010,Low,41.0576255,-124.1430506,CA,Trinidad,"Trinidad, CA"
680448,2011,Low,41.0576255,-124.1430506,CA,Trinidad,"Trinidad, CA"
680448,2012,Low,41.05763,-124.14305,CA,Trinidad,"Trinidad, CA"
680448,2013,Low,41.0576255,-124.1430506,CA,Trinidad,"Trinidad, CA"
680448,2014,Low,41.05763,-124.14305,CA,Trinidad,"Trinidad, CA"
680448,2015,Low,41.05763,-124.14305,CA,Trinidad,"Trinidad, CA"
680448,2016,Low,41.0577077,-124.143255,CA,Trinidad,"Trinidad, CA"
680448,2017,Low,41.0577077,-124.143255,CA,Trinidad,"Trinidad, CA"
680448,2018,Low,41.0577077,-124.143255,CA,Trinidad,"Trinidad, CA"
680448,2019,Low,41.057708,-124.143255,CA,Trinidad,"Trinidad, CA"
680448,2020,Low,41.057708,-124.143255,CA,Trinidad,"Trinidad, CA"
680448,2021,Medium,41.057708,-124.143255,CA,Trinidad,"Trinidad, CA"
680448,2022,Medium,41.057708,-124.143255,CA,Trinidad,"Trinidad, CA"
